ID	allele_type
CAMP_1	core
CAMP_10	core
CAMP_100	core
CAMP_1000	core
CAMP_1001	core
CAMP_1002	core
CAMP_1003	core
CAMP_1004	core
CAMP_1005	core
CAMP_1006	core
CAMP_1007	core
CAMP_1008	core
CAMP_1009	core
CAMP_101	core
CAMP_1010	core
CAMP_1011	core
CAMP_1012	core
CAMP_1013	core
CAMP_1014	core
CAMP_1015	core
CAMP_1016	core
CAMP_1017	core
CAMP_1018	core
CAMP_1019	core
CAMP_102	core
CAMP_1020	core
CAMP_1021	core
CAMP_1022	core
CAMP_1023	core
CAMP_1024	core
CAMP_1025	core
CAMP_1026	core
CAMP_1027	core
CAMP_1028	core
CAMP_1029	core
CAMP_103	core
CAMP_1030	core
CAMP_1031	core
CAMP_1032	core
CAMP_1033	core
CAMP_1034	core
CAMP_1035	core
CAMP_1036	core
CAMP_1037	core
CAMP_1038	core
CAMP_1039	core
CAMP_104	core
CAMP_1040	core
CAMP_1041	core
CAMP_1042	core
CAMP_1043	core
CAMP_1044	core
CAMP_1045	core
CAMP_1046	core
CAMP_1047	core
CAMP_1048	core
CAMP_1049	core
CAMP_105	core
CAMP_1050	core
CAMP_1051	core
CAMP_1052	core
CAMP_1053	core
CAMP_1054	core
CAMP_1055	core
CAMP_1056	core
CAMP_1057	core
CAMP_1058	core
CAMP_1059	core
CAMP_106	core
CAMP_1060	core
CAMP_1061	core
CAMP_1062	core
CAMP_1063	core
CAMP_1064	core
CAMP_1065	core
CAMP_1066	core
CAMP_1067	core
CAMP_1068	core
CAMP_1069	core
CAMP_107	core
CAMP_1070	core
CAMP_1071	core
CAMP_1072	core
CAMP_1073	core
CAMP_1074	core
CAMP_1075	core
CAMP_1076	core
CAMP_1077	core
CAMP_1078	core
CAMP_1079	core
CAMP_108	core
CAMP_1080	core
CAMP_1081	core
CAMP_1082	core
CAMP_1083	core
CAMP_1084	core
CAMP_1085	core
CAMP_1086	core
CAMP_1087	core
CAMP_1088	core
CAMP_1089	core
CAMP_109	core
CAMP_1090	core
CAMP_1091	core
CAMP_1092	core
CAMP_1093	core
CAMP_1094	core
CAMP_1095	core
CAMP_1096	core
CAMP_1097	core
CAMP_1098	core
CAMP_1099	core
CAMP_11	core
CAMP_110	core
CAMP_1100	core
CAMP_1101	core
CAMP_1102	core
CAMP_1103	core
CAMP_1104	core
CAMP_1105	core
CAMP_1106	core
CAMP_1107	core
CAMP_1108	core
CAMP_1109	core
CAMP_111	core
CAMP_1110	core
CAMP_1111	core
CAMP_1112	core
CAMP_1113	core
CAMP_1114	core
CAMP_1115	core
CAMP_1116	core
CAMP_1117	core
CAMP_1118	core
CAMP_1119	core
CAMP_112	core
CAMP_1120	core
CAMP_1121	core
CAMP_1122	core
CAMP_1123	core
CAMP_1124	core
CAMP_1125	core
CAMP_1126	core
CAMP_1127	core
CAMP_1128	core
CAMP_1129	core
CAMP_113	core
CAMP_1130	core
CAMP_1131	core
CAMP_1132	core
CAMP_1133	core
CAMP_1134	core
CAMP_1135	core
CAMP_1136	core
CAMP_1137	core
CAMP_1138	core
CAMP_1139	core
CAMP_114	core
CAMP_1140	core
CAMP_1141	core
CAMP_1142	core
CAMP_1143	core
CAMP_1144	core
CAMP_1145	core
CAMP_1146	core
CAMP_1147	core
CAMP_1148	core
CAMP_1149	core
CAMP_115	core
CAMP_1150	core
CAMP_1151	core
CAMP_1152	core
CAMP_1153	core
CAMP_1154	core
CAMP_1155	core
CAMP_1156	core
CAMP_1157	core
CAMP_1158	core
CAMP_1159	core
CAMP_116	core
CAMP_1160	core
CAMP_1161	core
CAMP_1162	core
CAMP_1163	core
CAMP_1164	core
CAMP_1165	core
CAMP_1166	core
CAMP_1167	core
CAMP_1168	core
CAMP_1169	core
CAMP_117	core
CAMP_1170	core
CAMP_1171	core
CAMP_1172	core
CAMP_1173	core
CAMP_1174	core
CAMP_1175	core
CAMP_1176	core
CAMP_1177	core
CAMP_1178	core
CAMP_1179	core
CAMP_118	core
CAMP_1180	core
CAMP_1181	core
CAMP_1182	core
CAMP_1183	core
CAMP_1184	core
CAMP_1185	core
CAMP_1186	core
CAMP_1187	core
CAMP_1188	core
CAMP_1189	core
CAMP_119	core
CAMP_1190	core
CAMP_1191	core
CAMP_1192	core
CAMP_1193	core
CAMP_1194	core
CAMP_1195	core
CAMP_1196	core
CAMP_1197	core
CAMP_1198	core
CAMP_1199	core
CAMP_12	core
CAMP_120	core
CAMP_1200	core
CAMP_1201	core
CAMP_1202	core
CAMP_1203	core
CAMP_1204	core
CAMP_1205	core
CAMP_1206	core
CAMP_1207	core
CAMP_1208	core
CAMP_1209	core
CAMP_121	core
CAMP_1210	core
CAMP_1211	core
CAMP_1212	core
CAMP_1213	core
CAMP_1214	core
CAMP_1215	core
CAMP_1216	core
CAMP_1217	core
CAMP_1218	core
CAMP_1219	core
CAMP_122	core
CAMP_1220	core
CAMP_1221	core
CAMP_1222	core
CAMP_1223	core
CAMP_1224	core
CAMP_1225	core
CAMP_1226	core
CAMP_1227	core
CAMP_1228	core
CAMP_1229	core
CAMP_123	core
CAMP_1230	core
CAMP_1231	core
CAMP_1232	core
CAMP_1233	core
CAMP_1234	core
CAMP_1235	core
CAMP_1236	core
CAMP_1237	core
CAMP_1238	core
CAMP_1239	core
CAMP_124	core
CAMP_1240	core
CAMP_1241	core
CAMP_1242	core
CAMP_1243	core
CAMP_1244	core
CAMP_1245	core
CAMP_1246	core
CAMP_1247	core
CAMP_1248	core
CAMP_1249	core
CAMP_125	core
CAMP_1250	core
CAMP_1251	core
CAMP_1252	core
CAMP_1253	core
CAMP_1254	core
CAMP_1255	core
CAMP_1256	core
CAMP_1257	core
CAMP_1258	core
CAMP_1259	core
CAMP_126	core
CAMP_1260	core
CAMP_1261	core
CAMP_1262	core
CAMP_1263	core
CAMP_1264	core
CAMP_1265	core
CAMP_1266	core
CAMP_1267	core
CAMP_1268	core
CAMP_1269	core
CAMP_127	core
CAMP_1270	core
CAMP_1271	core
CAMP_1272	core
CAMP_1273	core
CAMP_1274	core
CAMP_1275	core
CAMP_1276	core
CAMP_1277	core
CAMP_1278	core
CAMP_1279	core
CAMP_128	core
CAMP_1280	core
CAMP_1281	core
CAMP_1282	core
CAMP_1283	core
CAMP_1284	core
CAMP_1285	core
CAMP_1286	core
CAMP_1287	core
CAMP_1288	core
CAMP_1289	core
CAMP_129	core
CAMP_1290	core
CAMP_1291	core
CAMP_1292	core
CAMP_1293	core
CAMP_1294	core
CAMP_1295	core
CAMP_1296	core
CAMP_1297	core
CAMP_1298	core
CAMP_1299	core
CAMP_13	core
CAMP_130	core
CAMP_1300	core
CAMP_1301	core
CAMP_1302	core
CAMP_1303	core
CAMP_1304	core
CAMP_1305	core
CAMP_1306	core
CAMP_1307	core
CAMP_1308	core
CAMP_1309	core
CAMP_131	core
CAMP_1310	core
CAMP_1311	core
CAMP_1312	core
CAMP_1313	core
CAMP_1314	core
CAMP_1315	core
CAMP_1316	core
CAMP_1317	core
CAMP_1318	core
CAMP_1319	core
CAMP_132	core
CAMP_1320	core
CAMP_1321	core
CAMP_1322	core
CAMP_1323	core
CAMP_1324	core
CAMP_1325	core
CAMP_1326	core
CAMP_1327	core
CAMP_1328	core
CAMP_1329	core
CAMP_133	core
CAMP_1330	core
CAMP_1331	core
CAMP_1332	core
CAMP_1333	core
CAMP_1334	core
CAMP_1335	core
CAMP_1336	core
CAMP_1337	core
CAMP_1338	core
CAMP_1339	core
CAMP_134	core
CAMP_1340	core
CAMP_1341	core
CAMP_1342	core
CAMP_1343	core
CAMP_1344	core
CAMP_1345	core
CAMP_1346	core
CAMP_1347	core
CAMP_1348	core
CAMP_1349	core
CAMP_135	core
CAMP_1350	core
CAMP_1351	core
CAMP_1352	core
CAMP_1353	core
CAMP_1354	core
CAMP_1355	core
CAMP_1356	core
CAMP_1357	core
CAMP_1358	core
CAMP_1359	core
CAMP_136	core
CAMP_1360	core
CAMP_1361	core
CAMP_1362	core
CAMP_1363	core
CAMP_1364	core
CAMP_1365	core
CAMP_1366	core
CAMP_1367	core
CAMP_1368	core
CAMP_1369	core
CAMP_137	core
CAMP_1370	core
CAMP_1371	core
CAMP_1372	core
CAMP_1373	core
CAMP_1374	core
CAMP_1375	core
CAMP_1376	core
CAMP_1377	core
CAMP_1378	core
CAMP_1379	core
CAMP_138	core
CAMP_1380	core
CAMP_1381	core
CAMP_1382	core
CAMP_1383	core
CAMP_1384	core
CAMP_1385	core
CAMP_1386	core
CAMP_1387	core
CAMP_1388	core
CAMP_1389	core
CAMP_139	core
CAMP_1390	core
CAMP_1391	core
CAMP_1392	core
CAMP_1393	core
CAMP_1394	core
CAMP_1395	core
CAMP_1396	core
CAMP_1397	core
CAMP_1398	core
CAMP_1399	core
CAMP_14	core
CAMP_140	core
CAMP_1400	core
CAMP_1401	core
CAMP_1402	core
CAMP_1403	core
CAMP_1404	core
CAMP_1405	core
CAMP_1406	core
CAMP_1407	core
CAMP_1408	core
CAMP_1409	core
CAMP_141	core
CAMP_1410	core
CAMP_1411	core
CAMP_1412	core
CAMP_1413	core
CAMP_1414	core
CAMP_1415	core
CAMP_1416	core
CAMP_1417	core
CAMP_1418	core
CAMP_1419	core
CAMP_142	core
CAMP_1420	core
CAMP_1421	core
CAMP_1422	core
CAMP_1423	core
CAMP_1424	core
CAMP_1425	core
CAMP_1426	core
CAMP_1427	core
CAMP_1428	core
CAMP_1429	core
CAMP_143	core
CAMP_1430	core
CAMP_1431	core
CAMP_1432	core
CAMP_1433	core
CAMP_1434	core
CAMP_1435	core
CAMP_1436	core
CAMP_1437	core
CAMP_1438	core
CAMP_1439	core
CAMP_144	core
CAMP_1440	core
CAMP_1441	core
CAMP_1442	core
CAMP_1443	core
CAMP_1444	core
CAMP_1445	core
CAMP_1446	core
CAMP_1447	core
CAMP_1448	core
CAMP_1449	core
CAMP_145	core
CAMP_1450	core
CAMP_1451	core
CAMP_1452	core
CAMP_1453	core
CAMP_1454	core
CAMP_1455	core
CAMP_1456	core
CAMP_1457	core
CAMP_1458	core
CAMP_1459	core
CAMP_146	core
CAMP_1460	core
CAMP_1461	core
CAMP_1462	core
CAMP_1463	core
CAMP_1464	core
CAMP_1465	core
CAMP_1466	core
CAMP_1467	core
CAMP_1468	core
CAMP_1469	core
CAMP_147	core
CAMP_1470	core
CAMP_1471	core
CAMP_1472	core
CAMP_1473	core
CAMP_1474	core
CAMP_1475	core
CAMP_1476	core
CAMP_1477	core
CAMP_1478	core
CAMP_1479	core
CAMP_148	core
CAMP_1480	core
CAMP_1481	core
CAMP_1482	core
CAMP_1483	core
CAMP_1484	core
CAMP_1485	core
CAMP_1486	core
CAMP_1487	core
CAMP_1488	core
CAMP_1489	core
CAMP_149	core
CAMP_1490	core
CAMP_1491	core
CAMP_1492	core
CAMP_1493	core
CAMP_1494	core
CAMP_1495	core
CAMP_1496	core
CAMP_1497	core
CAMP_1498	core
CAMP_1499	core
CAMP_15	core
CAMP_150	core
CAMP_1500	core
CAMP_1501	core
CAMP_1502	core
CAMP_1503	core
CAMP_1504	core
CAMP_1505	core
CAMP_1506	core
CAMP_1507	core
CAMP_1508	core
CAMP_1509	core
CAMP_151	core
CAMP_1510	core
CAMP_1511	core
CAMP_1512	core
CAMP_1513	core
CAMP_1514	core
CAMP_1515	core
CAMP_1516	core
CAMP_1517	core
CAMP_1518	core
CAMP_1519	core
CAMP_152	core
CAMP_1520	core
CAMP_1521	core
CAMP_1522	core
CAMP_1523	core
CAMP_1524	core
CAMP_1525	core
CAMP_1526	core
CAMP_1527	core
CAMP_1528	core
CAMP_1529	core
CAMP_153	core
CAMP_1530	core
CAMP_1531	core
CAMP_1532	core
CAMP_1533	core
CAMP_1534	core
CAMP_1535	core
CAMP_1536	core
CAMP_1537	core
CAMP_1538	core
CAMP_1539	core
CAMP_154	core
CAMP_1540	core
CAMP_1541	core
CAMP_1542	core
CAMP_1543	core
CAMP_1544	core
CAMP_1545	core
CAMP_1546	core
CAMP_1547	core
CAMP_1548	core
CAMP_1549	core
CAMP_155	core
CAMP_1550	core
CAMP_1551	core
CAMP_1552	core
CAMP_1553	core
CAMP_1554	core
CAMP_1555	core
CAMP_1556	core
CAMP_1557	core
CAMP_1558	core
CAMP_1559	core
CAMP_156	core
CAMP_1560	core
CAMP_1561	core
CAMP_1562	core
CAMP_1563	core
CAMP_1564	core
CAMP_1565	core
CAMP_1566	core
CAMP_1567	core
CAMP_1568	core
CAMP_1569	core
CAMP_157	core
CAMP_1570	core
CAMP_1571	core
CAMP_1572	core
CAMP_1573	core
CAMP_1574	core
CAMP_1575	core
CAMP_1576	core
CAMP_1577	core
CAMP_1578	core
CAMP_1579	core
CAMP_158	core
CAMP_1580	core
CAMP_1581	core
CAMP_1582	core
CAMP_1583	core
CAMP_1584	core
CAMP_1585	core
CAMP_1586	core
CAMP_1587	core
CAMP_1588	core
CAMP_1589	core
CAMP_159	core
CAMP_1590	core
CAMP_1591	core
CAMP_1592	core
CAMP_1593	core
CAMP_1594	core
CAMP_1595	core
CAMP_1596	core
CAMP_1597	core
CAMP_1598	core
CAMP_1599	core
CAMP_16	core
CAMP_160	core
CAMP_1600	core
CAMP_1601	core
CAMP_1602	core
CAMP_1603	core
CAMP_1604	core
CAMP_1605	core
CAMP_1606	core
CAMP_1607	core
CAMP_1608	core
CAMP_1609	core
CAMP_161	core
CAMP_1610	core
CAMP_1611	core
CAMP_1612	core
CAMP_1613	core
CAMP_1614	core
CAMP_1615	core
CAMP_1616	core
CAMP_1617	core
CAMP_1618	core
CAMP_1619	core
CAMP_162	core
CAMP_1620	core
CAMP_1621	core
CAMP_1622	core
CAMP_1623	core
CAMP_1624	core
CAMP_1625	core
CAMP_1626	core
CAMP_1627	core
CAMP_1628	core
CAMP_1629	core
CAMP_163	core
CAMP_1630	core
CAMP_1631	core
CAMP_1632	core
CAMP_1633	core
CAMP_1634	core
CAMP_1635	core
CAMP_1636	core
CAMP_1637	core
CAMP_1638	core
CAMP_1639	core
CAMP_164	core
CAMP_1640	core
CAMP_1641	core
CAMP_1642	core
CAMP_1643	core
CAMP_1644	core
CAMP_1645	core
CAMP_1646	core
CAMP_1647	core
CAMP_1648	core
CAMP_1649	core
CAMP_165	core
CAMP_1650	core
CAMP_1651	core
CAMP_1652	core
CAMP_1653	core
CAMP_1654	core
CAMP_1655	core
CAMP_1656	core
CAMP_1657	core
CAMP_1658	core
CAMP_1659	core
CAMP_166	core
CAMP_1660	core
CAMP_1661	core
CAMP_1662	core
CAMP_1663	core
CAMP_1664	core
CAMP_1665	core
CAMP_1666	core
CAMP_1667	core
CAMP_1668	core
CAMP_1669	core
CAMP_167	core
CAMP_1670	core
CAMP_1671	core
CAMP_1672	core
CAMP_1673	core
CAMP_1674	core
CAMP_1675	core
CAMP_1676	core
CAMP_1677	core
CAMP_1678	core
CAMP_1679	core
CAMP_168	core
CAMP_1680	core
CAMP_1681	core
CAMP_1682	core
CAMP_1683	core
CAMP_1684	core
CAMP_1685	core
CAMP_1686	core
CAMP_1687	core
CAMP_1688	core
CAMP_1689	core
CAMP_169	core
CAMP_1690	core
CAMP_1691	core
CAMP_1692	core
CAMP_1693	core
CAMP_1694	core
CAMP_1695	core
CAMP_1696	core
CAMP_1697	core
CAMP_1698	core
CAMP_1699	core
CAMP_17	core
CAMP_170	core
CAMP_1700	core
CAMP_1701	core
CAMP_1702	core
CAMP_1703	core
CAMP_1704	core
CAMP_1705	core
CAMP_1706	core
CAMP_1707	core
CAMP_1708	core
CAMP_1709	core
CAMP_171	core
CAMP_1710	core
CAMP_1711	core
CAMP_1712	core
CAMP_1713	core
CAMP_1714	core
CAMP_1715	core
CAMP_1716	core
CAMP_1717	core
CAMP_1718	core
CAMP_1719	core
CAMP_172	core
CAMP_1720	core
CAMP_1721	core
CAMP_1722	core
CAMP_1723	core
CAMP_1724	core
CAMP_1725	core
CAMP_1726	core
CAMP_1727	core
CAMP_1728	core
CAMP_1729	core
CAMP_173	core
CAMP_1730	core
CAMP_1731	core
CAMP_1732	core
CAMP_1733	core
CAMP_1734	core
CAMP_1735	core
CAMP_1736	core
CAMP_1737	core
CAMP_1738	core
CAMP_1739	core
CAMP_174	core
CAMP_1740	core
CAMP_1741	core
CAMP_1742	core
CAMP_1743	core
CAMP_1744	core
CAMP_1745	core
CAMP_1746	core
CAMP_1747	core
CAMP_1748	core
CAMP_1749	core
CAMP_175	core
CAMP_1750	core
CAMP_1751	core
CAMP_1752	core
CAMP_1753	core
CAMP_1754	core
CAMP_1755	core
CAMP_1756	core
CAMP_1757	core
CAMP_1758	core
CAMP_1759	core
CAMP_176	core
CAMP_1760	core
CAMP_1761	core
CAMP_1762	core
CAMP_1763	core
CAMP_1764	core
CAMP_1765	core
CAMP_1766	core
CAMP_1767	core
CAMP_1768	core
CAMP_1769	core
CAMP_177	core
CAMP_1770	core
CAMP_1771	core
CAMP_1772	core
CAMP_1773	core
CAMP_1774	core
CAMP_1775	core
CAMP_1776	core
CAMP_1777	core
CAMP_1778	core
CAMP_1779	core
CAMP_178	core
CAMP_1780	core
CAMP_1781	core
CAMP_1782	core
CAMP_1783	core
CAMP_1784	core
CAMP_1785	core
CAMP_1786	core
CAMP_1787	core
CAMP_1788	core
CAMP_1789	core
CAMP_179	core
CAMP_1790	core
CAMP_1791	core
CAMP_1792	core
CAMP_1793	core
CAMP_1794	core
CAMP_1795	core
CAMP_1796	core
CAMP_1797	core
CAMP_1798	core
CAMP_1799	core
CAMP_18	core
CAMP_180	core
CAMP_1800	core
CAMP_1801	core
CAMP_1802	core
CAMP_1803	core
CAMP_1804	core
CAMP_1805	core
CAMP_1806	core
CAMP_1807	core
CAMP_1808	core
CAMP_1809	core
CAMP_181	core
CAMP_1810	core
CAMP_1811	core
CAMP_1812	core
CAMP_1813	core
CAMP_1814	core
CAMP_1815	core
CAMP_1816	core
CAMP_1817	core
CAMP_1818	core
CAMP_1819	core
CAMP_182	core
CAMP_1820	core
CAMP_1821	core
CAMP_1822	core
CAMP_1823	core
CAMP_1824	core
CAMP_1825	core
CAMP_1826	core
CAMP_1827	core
CAMP_1828	core
CAMP_1829	core
CAMP_183	core
CAMP_1830	core
CAMP_1831	core
CAMP_1832	core
CAMP_1833	core
CAMP_1834	core
CAMP_1835	core
CAMP_1836	core
CAMP_1837	core
CAMP_1838	core
CAMP_1839	core
CAMP_184	core
CAMP_1840	core
CAMP_1841	core
CAMP_1842	core
CAMP_1843	core
CAMP_1844	core
CAMP_1845	core
CAMP_1846	core
CAMP_1847	core
CAMP_1848	core
CAMP_1849	core
CAMP_185	core
CAMP_1850	core
CAMP_1851	core
CAMP_1852	core
CAMP_1853	core
CAMP_1854	core
CAMP_1855	core
CAMP_1856	core
CAMP_1857	core
CAMP_1858	core
CAMP_1859	core
CAMP_186	core
CAMP_1860	core
CAMP_1861	core
CAMP_1862	core
CAMP_1863	core
CAMP_1864	core
CAMP_1865	core
CAMP_1866	core
CAMP_1867	core
CAMP_1868	core
CAMP_1869	core
CAMP_187	core
CAMP_1870	core
CAMP_1871	core
CAMP_1872	core
CAMP_1873	core
CAMP_1874	core
CAMP_1875	core
CAMP_1876	core
CAMP_1877	core
CAMP_1878	core
CAMP_1879	core
CAMP_188	core
CAMP_1880	core
CAMP_1881	core
CAMP_1882	core
CAMP_1883	core
CAMP_1884	core
CAMP_1885	core
CAMP_1886	core
CAMP_1887	core
CAMP_1888	core
CAMP_1889	core
CAMP_189	core
CAMP_1890	core
CAMP_1891	core
CAMP_1892	core
CAMP_1893	core
CAMP_1894	core
CAMP_1895	core
CAMP_1896	core
CAMP_1897	core
CAMP_1898	core
CAMP_1899	core
CAMP_19	core
CAMP_190	core
CAMP_1900	core
CAMP_1901	core
CAMP_1902	core
CAMP_1903	core
CAMP_1904	core
CAMP_1905	core
CAMP_1906	core
CAMP_1907	core
CAMP_1908	core
CAMP_1909	core
CAMP_191	core
CAMP_1910	core
CAMP_1911	core
CAMP_1912	core
CAMP_1913	core
CAMP_1914	core
CAMP_1915	core
CAMP_1916	core
CAMP_1917	core
CAMP_1918	core
CAMP_1919	core
CAMP_192	core
CAMP_1920	core
CAMP_1921	core
CAMP_1922	core
CAMP_1923	core
CAMP_1924	core
CAMP_1925	core
CAMP_1926	core
CAMP_1927	core
CAMP_1928	core
CAMP_1929	core
CAMP_193	core
CAMP_1930	core
CAMP_1931	core
CAMP_1932	core
CAMP_1933	core
CAMP_1934	core
CAMP_1935	core
CAMP_1936	core
CAMP_1937	core
CAMP_1938	core
CAMP_1939	core
CAMP_194	core
CAMP_1940	core
CAMP_1941	core
CAMP_1942	core
CAMP_1943	core
CAMP_1944	core
CAMP_1945	core
CAMP_1946	core
CAMP_1947	core
CAMP_1948	core
CAMP_1949	core
CAMP_195	core
CAMP_1950	core
CAMP_1951	core
CAMP_1952	core
CAMP_1953	core
CAMP_1954	core
CAMP_1955	core
CAMP_1956	core
CAMP_1957	core
CAMP_1958	core
CAMP_1959	core
CAMP_196	core
CAMP_1960	core
CAMP_1961	core
CAMP_1962	core
CAMP_1963	core
CAMP_1964	core
CAMP_1965	core
CAMP_1966	core
CAMP_1967	core
CAMP_1968	core
CAMP_1969	core
CAMP_197	core
CAMP_1970	core
CAMP_1971	core
CAMP_1972	core
CAMP_1973	core
CAMP_1974	core
CAMP_1975	core
CAMP_1976	core
CAMP_1977	core
CAMP_1978	core
CAMP_1979	core
CAMP_198	core
CAMP_1980	core
CAMP_1981	core
CAMP_1982	core
CAMP_1983	core
CAMP_1984	core
CAMP_1985	core
CAMP_1986	core
CAMP_1987	core
CAMP_1988	core
CAMP_1989	core
CAMP_199	core
CAMP_1990	core
CAMP_1991	core
CAMP_1992	core
CAMP_1993	core
CAMP_1994	core
CAMP_1995	core
CAMP_1996	core
CAMP_1997	core
CAMP_1998	core
CAMP_1999	core
CAMP_2	core
CAMP_20	core
CAMP_200	core
CAMP_2000	core
CAMP_2001	core
CAMP_2002	core
CAMP_2003	core
CAMP_2004	core
CAMP_2005	core
CAMP_2006	core
CAMP_2007	core
CAMP_2008	core
CAMP_2009	core
CAMP_201	core
CAMP_2010	core
CAMP_2011	core
CAMP_2012	core
CAMP_2013	core
CAMP_2014	core
CAMP_2015	core
CAMP_2016	core
CAMP_2017	core
CAMP_2018	core
CAMP_2019	core
CAMP_202	core
CAMP_2020	core
CAMP_2021	core
CAMP_2022	core
CAMP_2023	core
CAMP_2024	core
CAMP_2025	core
CAMP_2026	core
CAMP_2027	core
CAMP_2028	core
CAMP_2029	core
CAMP_203	core
CAMP_2030	core
CAMP_2031	core
CAMP_2032	core
CAMP_2033	core
CAMP_2034	core
CAMP_2035	core
CAMP_2036	core
CAMP_2037	core
CAMP_2038	core
CAMP_2039	core
CAMP_204	core
CAMP_2040	core
CAMP_2041	core
CAMP_2042	core
CAMP_2043	core
CAMP_2044	core
CAMP_2045	core
CAMP_2046	core
CAMP_2047	core
CAMP_2048	core
CAMP_2049	core
CAMP_205	core
CAMP_2050	core
CAMP_2051	core
CAMP_2052	core
CAMP_2053	core
CAMP_2054	core
CAMP_2055	core
CAMP_2056	core
CAMP_2057	core
CAMP_2058	core
CAMP_2059	core
CAMP_206	core
CAMP_2060	core
CAMP_2061	core
CAMP_2062	core
CAMP_2063	core
CAMP_2064	core
CAMP_2065	core
CAMP_2066	core
CAMP_2067	core
CAMP_2068	core
CAMP_2069	core
CAMP_207	core
CAMP_2070	core
CAMP_2071	core
CAMP_2072	core
CAMP_2073	core
CAMP_2074	core
CAMP_2075	core
CAMP_2076	core
CAMP_2077	core
CAMP_2078	core
CAMP_2079	core
CAMP_208	core
CAMP_2080	core
CAMP_2081	core
CAMP_2082	core
CAMP_2083	core
CAMP_2084	core
CAMP_2085	core
CAMP_2086	core
CAMP_2087	core
CAMP_2088	core
CAMP_2089	core
CAMP_209	core
CAMP_2090	core
CAMP_2091	core
CAMP_2092	core
CAMP_2093	core
CAMP_2094	core
CAMP_2095	core
CAMP_2096	core
CAMP_2097	core
CAMP_2098	core
CAMP_2099	core
CAMP_21	core
CAMP_210	core
CAMP_2100	core
CAMP_2101	core
CAMP_2102	core
CAMP_2103	core
CAMP_2104	core
CAMP_2105	core
CAMP_2106	core
CAMP_2107	core
CAMP_2108	core
CAMP_2109	core
CAMP_211	core
CAMP_2110	core
CAMP_2111	core
CAMP_2112	core
CAMP_2113	core
CAMP_2114	core
CAMP_2115	core
CAMP_2116	core
CAMP_2117	core
CAMP_2118	core
CAMP_2119	core
CAMP_212	core
CAMP_2120	core
CAMP_2121	core
CAMP_2122	core
CAMP_2123	core
CAMP_2124	core
CAMP_2125	core
CAMP_2126	core
CAMP_2127	core
CAMP_2128	core
CAMP_2129	core
CAMP_213	core
CAMP_2130	core
CAMP_2131	core
CAMP_2132	core
CAMP_2133	core
CAMP_2134	core
CAMP_2135	core
CAMP_2136	core
CAMP_2137	core
CAMP_2138	core
CAMP_2139	core
CAMP_214	core
CAMP_2140	core
CAMP_2141	core
CAMP_2142	core
CAMP_2143	core
CAMP_2144	core
CAMP_2145	core
CAMP_2146	core
CAMP_2147	core
CAMP_2148	core
CAMP_2149	core
CAMP_215	core
CAMP_2150	core
CAMP_2151	core
CAMP_2152	core
CAMP_2153	core
CAMP_2154	core
CAMP_2155	core
CAMP_2156	core
CAMP_2157	core
CAMP_2158	core
CAMP_2159	core
CAMP_216	core
CAMP_2160	core
CAMP_2161	core
CAMP_2162	core
CAMP_2163	core
CAMP_2164	core
CAMP_2165	core
CAMP_2166	core
CAMP_2167	core
CAMP_2168	core
CAMP_2169	core
CAMP_217	core
CAMP_2170	core
CAMP_2171	core
CAMP_2172	core
CAMP_2173	core
CAMP_2174	core
CAMP_2175	core
CAMP_2176	core
CAMP_2177	core
CAMP_2178	core
CAMP_2179	core
CAMP_218	core
CAMP_2180	core
CAMP_2181	core
CAMP_2182	core
CAMP_2183	core
CAMP_2184	core
CAMP_2185	core
CAMP_2186	core
CAMP_2187	core
CAMP_2188	core
CAMP_2189	core
CAMP_219	core
CAMP_2190	core
CAMP_2191	core
CAMP_2192	core
CAMP_2193	core
CAMP_2194	core
CAMP_2195	core
CAMP_2196	core
CAMP_2197	core
CAMP_2198	core
CAMP_2199	core
CAMP_22	core
CAMP_220	core
CAMP_2200	core
CAMP_2201	core
CAMP_2202	core
CAMP_2203	core
CAMP_2204	core
CAMP_2205	core
CAMP_2206	core
CAMP_2207	core
CAMP_2208	core
CAMP_2209	core
CAMP_221	core
CAMP_2210	core
CAMP_2211	core
CAMP_2212	core
CAMP_2213	core
CAMP_2214	core
CAMP_2215	core
CAMP_2216	core
CAMP_2217	core
CAMP_2218	core
CAMP_2219	core
CAMP_222	core
CAMP_2220	core
CAMP_2221	core
CAMP_2222	core
CAMP_2223	core
CAMP_2224	core
CAMP_2225	core
CAMP_2226	core
CAMP_2227	core
CAMP_2228	core
CAMP_2229	core
CAMP_223	core
CAMP_2230	core
CAMP_2231	core
CAMP_2232	core
CAMP_2233	core
CAMP_2234	core
CAMP_2235	core
CAMP_2236	core
CAMP_2237	core
CAMP_2238	core
CAMP_2239	core
CAMP_224	core
CAMP_2240	core
CAMP_2241	core
CAMP_2242	core
CAMP_2243	core
CAMP_2244	core
CAMP_2245	core
CAMP_2246	core
CAMP_2247	core
CAMP_2248	core
CAMP_2249	core
CAMP_225	core
CAMP_2250	core
CAMP_2251	core
CAMP_2252	core
CAMP_2253	core
CAMP_2254	core
CAMP_2255	core
CAMP_2256	core
CAMP_2257	core
CAMP_2258	core
CAMP_2259	core
CAMP_226	core
CAMP_2260	core
CAMP_2261	core
CAMP_2262	core
CAMP_2263	core
CAMP_2264	core
CAMP_2265	core
CAMP_2266	core
CAMP_2267	core
CAMP_2268	core
CAMP_2269	core
CAMP_227	core
CAMP_2270	core
CAMP_2271	core
CAMP_2272	core
CAMP_2273	core
CAMP_2274	core
CAMP_2275	core
CAMP_2276	core
CAMP_2277	core
CAMP_2278	core
CAMP_2279	core
CAMP_228	core
CAMP_2280	core
CAMP_2281	core
CAMP_2282	core
CAMP_2283	core
CAMP_2284	core
CAMP_2285	core
CAMP_2286	core
CAMP_2287	core
CAMP_2288	core
CAMP_2289	core
CAMP_229	core
CAMP_2290	core
CAMP_2291	core
CAMP_2292	core
CAMP_2293	core
CAMP_2294	core
CAMP_2295	core
CAMP_2296	core
CAMP_2297	core
CAMP_2298	core
CAMP_2299	core
CAMP_23	core
CAMP_230	core
CAMP_2300	core
CAMP_2301	core
CAMP_2302	core
CAMP_2303	core
CAMP_2304	core
CAMP_2305	core
CAMP_2306	core
CAMP_2307	core
CAMP_2308	core
CAMP_2309	core
CAMP_231	core
CAMP_2310	core
CAMP_2311	core
CAMP_2312	core
CAMP_2313	core
CAMP_2314	core
CAMP_2315	core
CAMP_2316	core
CAMP_2317	core
CAMP_2318	core
CAMP_2319	core
CAMP_232	core
CAMP_2320	core
CAMP_2321	core
CAMP_2322	core
CAMP_2323	core
CAMP_2324	core
CAMP_2325	core
CAMP_2326	core
CAMP_2327	core
CAMP_2328	core
CAMP_2329	core
CAMP_233	core
CAMP_2330	core
CAMP_2331	core
CAMP_2332	core
CAMP_2333	core
CAMP_2334	core
CAMP_2335	core
CAMP_2336	core
CAMP_2337	core
CAMP_2338	core
CAMP_2339	core
CAMP_234	core
CAMP_2340	core
CAMP_2341	core
CAMP_2342	core
CAMP_2343	core
CAMP_2344	core
CAMP_2345	core
CAMP_2346	core
CAMP_2347	core
CAMP_2348	core
CAMP_2349	core
CAMP_235	core
CAMP_2350	core
CAMP_2351	core
CAMP_2352	core
CAMP_2353	core
CAMP_2354	core
CAMP_2355	core
CAMP_2356	core
CAMP_2357	core
CAMP_2358	core
CAMP_2359	core
CAMP_236	core
CAMP_2360	core
CAMP_2361	core
CAMP_2362	core
CAMP_2363	core
CAMP_2364	core
CAMP_2365	core
CAMP_2366	core
CAMP_2367	core
CAMP_2368	core
CAMP_2369	core
CAMP_237	core
CAMP_2370	core
CAMP_2371	core
CAMP_2372	core
CAMP_2373	core
CAMP_2374	core
CAMP_2375	core
CAMP_2376	core
CAMP_2377	core
CAMP_2378	core
CAMP_2379	core
CAMP_238	core
CAMP_2380	core
CAMP_2381	core
CAMP_2382	core
CAMP_2383	core
CAMP_2384	core
CAMP_2385	core
CAMP_2386	core
CAMP_2387	core
CAMP_2388	core
CAMP_2389	core
CAMP_239	core
CAMP_2390	core
CAMP_2391	core
CAMP_2392	core
CAMP_2393	core
CAMP_2394	core
CAMP_2395	core
CAMP_2396	core
CAMP_2397	core
CAMP_2398	core
CAMP_2399	core
CAMP_24	core
CAMP_240	core
CAMP_2400	core
CAMP_2401	core
CAMP_2402	core
CAMP_2403	core
CAMP_2404	core
CAMP_2405	core
CAMP_2406	core
CAMP_2407	core
CAMP_2408	core
CAMP_2409	core
CAMP_241	core
CAMP_2410	core
CAMP_2411	core
CAMP_2412	core
CAMP_2413	core
CAMP_2414	core
CAMP_2415	core
CAMP_2416	core
CAMP_2417	core
CAMP_2418	core
CAMP_2419	core
CAMP_242	core
CAMP_2420	core
CAMP_2421	core
CAMP_2422	core
CAMP_2423	core
CAMP_2424	core
CAMP_2425	core
CAMP_2426	core
CAMP_2427	core
CAMP_2428	core
CAMP_2429	core
CAMP_243	core
CAMP_2430	core
CAMP_2431	core
CAMP_2432	core
CAMP_2433	core
CAMP_2434	core
CAMP_2435	core
CAMP_2436	core
CAMP_2437	core
CAMP_2438	core
CAMP_2439	core
CAMP_244	core
CAMP_2440	core
CAMP_2441	core
CAMP_2442	core
CAMP_2443	core
CAMP_2444	core
CAMP_2445	core
CAMP_2446	core
CAMP_2447	core
CAMP_2448	core
CAMP_2449	core
CAMP_245	core
CAMP_2450	core
CAMP_2451	core
CAMP_2452	core
CAMP_2453	core
CAMP_2454	core
CAMP_2455	core
CAMP_2456	core
CAMP_2457	core
CAMP_2458	core
CAMP_2459	core
CAMP_246	core
CAMP_2460	core
CAMP_2461	core
CAMP_2462	core
CAMP_2463	core
CAMP_2464	core
CAMP_2465	core
CAMP_2466	core
CAMP_2467	core
CAMP_2468	core
CAMP_2469	core
CAMP_247	core
CAMP_2470	core
CAMP_2471	core
CAMP_2472	core
CAMP_2473	core
CAMP_2474	core
CAMP_2475	core
CAMP_2476	core
CAMP_2477	core
CAMP_2478	core
CAMP_2479	core
CAMP_248	core
CAMP_2480	core
CAMP_2481	core
CAMP_2482	core
CAMP_2483	core
CAMP_2484	core
CAMP_2485	core
CAMP_2486	core
CAMP_2487	core
CAMP_2488	core
CAMP_2489	core
CAMP_249	core
CAMP_2490	core
CAMP_2491	core
CAMP_2492	core
CAMP_2493	core
CAMP_2494	core
CAMP_2495	core
CAMP_2496	core
CAMP_2497	core
CAMP_2498	core
CAMP_2499	core
CAMP_25	core
CAMP_250	core
CAMP_2500	core
CAMP_2501	core
CAMP_2502	core
CAMP_2503	core
CAMP_2504	core
CAMP_2505	core
CAMP_2506	core
CAMP_2507	core
CAMP_2508	core
CAMP_2509	core
CAMP_251	core
CAMP_2510	core
CAMP_2511	core
CAMP_2512	core
CAMP_2513	core
CAMP_2514	core
CAMP_2515	core
CAMP_2516	core
CAMP_2517	core
CAMP_2518	core
CAMP_2519	core
CAMP_252	core
CAMP_2520	core
CAMP_2521	core
CAMP_2522	core
CAMP_2523	core
CAMP_2524	core
CAMP_2525	core
CAMP_2526	core
CAMP_2527	core
CAMP_2528	core
CAMP_2529	core
CAMP_253	core
CAMP_2530	core
CAMP_2531	core
CAMP_2532	core
CAMP_2533	core
CAMP_2534	core
CAMP_2535	core
CAMP_2536	core
CAMP_2537	core
CAMP_2538	core
CAMP_2539	core
CAMP_254	core
CAMP_2540	core
CAMP_2541	core
CAMP_2542	core
CAMP_2543	core
CAMP_2544	core
CAMP_2545	core
CAMP_2546	core
CAMP_2547	core
CAMP_2548	core
CAMP_2549	core
CAMP_255	core
CAMP_2550	core
CAMP_2551	core
CAMP_2552	core
CAMP_2553	core
CAMP_2554	core
CAMP_2555	core
CAMP_2556	core
CAMP_2557	core
CAMP_2558	core
CAMP_2559	core
CAMP_256	core
CAMP_2560	core
CAMP_2561	core
CAMP_2562	core
CAMP_2563	core
CAMP_2564	core
CAMP_2565	core
CAMP_2566	core
CAMP_2567	core
CAMP_2568	core
CAMP_2569	core
CAMP_257	core
CAMP_2570	core
CAMP_2571	core
CAMP_2572	core
CAMP_2573	core
CAMP_2574	core
CAMP_2575	core
CAMP_2576	core
CAMP_2577	core
CAMP_2578	core
CAMP_2579	core
CAMP_258	core
CAMP_2580	core
CAMP_2581	core
CAMP_2582	core
CAMP_2583	core
CAMP_2584	core
CAMP_2585	core
CAMP_2586	core
CAMP_2587	core
CAMP_2588	core
CAMP_2589	core
CAMP_259	core
CAMP_2590	core
CAMP_2591	core
CAMP_2592	core
CAMP_2593	core
CAMP_2594	core
CAMP_2595	core
CAMP_2596	core
CAMP_2597	core
CAMP_2598	core
CAMP_2599	core
CAMP_26	core
CAMP_260	core
CAMP_2600	core
CAMP_2601	core
CAMP_2602	core
CAMP_2603	core
CAMP_2604	core
CAMP_2605	core
CAMP_2606	core
CAMP_2607	core
CAMP_2608	core
CAMP_2609	core
CAMP_261	core
CAMP_2610	core
CAMP_2611	core
CAMP_2612	core
CAMP_2613	core
CAMP_2614	core
CAMP_2615	core
CAMP_2616	core
CAMP_2617	core
CAMP_2618	core
CAMP_2619	core
CAMP_262	core
CAMP_2620	core
CAMP_2621	core
CAMP_2622	core
CAMP_2623	core
CAMP_2624	core
CAMP_2625	core
CAMP_2626	core
CAMP_2627	core
CAMP_2628	core
CAMP_2629	core
CAMP_263	core
CAMP_2630	core
CAMP_2631	core
CAMP_2632	core
CAMP_2633	core
CAMP_2634	core
CAMP_2635	core
CAMP_2636	core
CAMP_2637	core
CAMP_2638	core
CAMP_2639	core
CAMP_264	core
CAMP_2640	core
CAMP_2641	core
CAMP_2642	core
CAMP_2643	core
CAMP_2644	core
CAMP_2645	core
CAMP_2646	core
CAMP_2647	core
CAMP_2648	core
CAMP_2649	core
CAMP_265	core
CAMP_2650	core
CAMP_2651	core
CAMP_2652	core
CAMP_2653	core
CAMP_2654	core
CAMP_2655	core
CAMP_2656	core
CAMP_2657	core
CAMP_2658	core
CAMP_2659	core
CAMP_266	core
CAMP_2660	core
CAMP_2661	core
CAMP_2662	core
CAMP_2663	core
CAMP_2664	core
CAMP_2665	core
CAMP_2666	core
CAMP_2667	core
CAMP_2668	core
CAMP_2669	core
CAMP_267	core
CAMP_2670	core
CAMP_2671	core
CAMP_2672	core
CAMP_2673	core
CAMP_2674	core
CAMP_2675	core
CAMP_2676	core
CAMP_2677	core
CAMP_2678	core
CAMP_2679	core
CAMP_268	core
CAMP_2680	core
CAMP_2681	core
CAMP_2682	core
CAMP_2683	core
CAMP_2684	core
CAMP_2685	core
CAMP_2686	core
CAMP_2687	core
CAMP_2688	core
CAMP_2689	core
CAMP_269	core
CAMP_2690	core
CAMP_2691	core
CAMP_2692	core
CAMP_2693	core
CAMP_2694	core
CAMP_2695	core
CAMP_2696	core
CAMP_2697	core
CAMP_2698	core
CAMP_2699	core
CAMP_27	core
CAMP_270	core
CAMP_2700	core
CAMP_2701	core
CAMP_2702	core
CAMP_2703	core
CAMP_2704	core
CAMP_2705	core
CAMP_2706	core
CAMP_2707	core
CAMP_2708	core
CAMP_2709	core
CAMP_271	core
CAMP_2710	core
CAMP_2711	core
CAMP_2712	core
CAMP_2713	core
CAMP_2714	core
CAMP_2715	core
CAMP_2716	core
CAMP_2717	core
CAMP_2718	core
CAMP_2719	core
CAMP_272	core
CAMP_2720	core
CAMP_2721	core
CAMP_2722	core
CAMP_2723	core
CAMP_2724	core
CAMP_2725	core
CAMP_2726	core
CAMP_2727	core
CAMP_2728	core
CAMP_2729	core
CAMP_273	core
CAMP_2730	core
CAMP_2731	core
CAMP_2732	core
CAMP_2733	core
CAMP_2734	core
CAMP_2735	core
CAMP_2736	core
CAMP_2737	core
CAMP_2738	core
CAMP_2739	core
CAMP_274	core
CAMP_2740	core
CAMP_2741	core
CAMP_2742	core
CAMP_2743	core
CAMP_2744	core
CAMP_2745	core
CAMP_2746	core
CAMP_2747	core
CAMP_2748	core
CAMP_2749	core
CAMP_275	core
CAMP_2750	core
CAMP_2751	core
CAMP_2752	core
CAMP_2753	core
CAMP_2754	core
CAMP_2755	core
CAMP_2756	core
CAMP_2757	core
CAMP_2758	core
CAMP_2759	core
CAMP_276	core
CAMP_2760	core
CAMP_2761	core
CAMP_2762	core
CAMP_2763	core
CAMP_2764	core
CAMP_2765	core
CAMP_2766	core
CAMP_2767	core
CAMP_2768	core
CAMP_2769	core
CAMP_277	core
CAMP_2770	core
CAMP_2771	core
CAMP_2772	core
CAMP_2773	core
CAMP_2774	core
CAMP_2775	core
CAMP_2776	core
CAMP_2777	core
CAMP_2778	core
CAMP_2779	core
CAMP_278	core
CAMP_2780	core
CAMP_2781	core
CAMP_2782	core
CAMP_2783	core
CAMP_2784	core
CAMP_2785	core
CAMP_2786	core
CAMP_2787	core
CAMP_2788	core
CAMP_2789	core
CAMP_279	core
CAMP_2790	core
CAMP_2791	core
CAMP_2792	core
CAMP_2793	core
CAMP_2794	core
CAMP_2795	core
CAMP_2796	core
CAMP_2797	core
CAMP_2798	core
CAMP_2799	core
CAMP_28	core
CAMP_280	core
CAMP_2800	core
CAMP_2801	core
CAMP_2802	core
CAMP_2803	core
CAMP_2804	core
CAMP_2805	core
CAMP_2806	core
CAMP_2807	core
CAMP_2808	core
CAMP_2809	core
CAMP_281	core
CAMP_2810	core
CAMP_2811	core
CAMP_2812	core
CAMP_2813	core
CAMP_2814	core
CAMP_2815	core
CAMP_2816	core
CAMP_2817	core
CAMP_2818	core
CAMP_2819	core
CAMP_282	core
CAMP_2820	core
CAMP_2821	core
CAMP_2822	core
CAMP_2823	core
CAMP_2824	core
CAMP_2825	core
CAMP_2826	core
CAMP_2827	core
CAMP_2828	core
CAMP_2829	core
CAMP_283	core
CAMP_2830	core
CAMP_2831	core
CAMP_2832	core
CAMP_2833	core
CAMP_2834	core
CAMP_2835	core
CAMP_2836	core
CAMP_2837	core
CAMP_2838	core
CAMP_2839	core
CAMP_284	core
CAMP_2840	core
CAMP_2841	core
CAMP_2842	core
CAMP_2843	core
CAMP_2844	core
CAMP_2845	core
CAMP_2846	core
CAMP_2847	core
CAMP_2848	core
CAMP_2849	core
CAMP_285	core
CAMP_2850	core
CAMP_2851	core
CAMP_2852	core
CAMP_2853	core
CAMP_2854	core
CAMP_2855	core
CAMP_2856	core
CAMP_2857	core
CAMP_2858	core
CAMP_2859	core
CAMP_286	core
CAMP_2860	core
CAMP_2861	core
CAMP_2862	core
CAMP_2863	core
CAMP_2864	core
CAMP_2865	core
CAMP_2866	core
CAMP_2867	core
CAMP_2868	core
CAMP_2869	core
CAMP_287	core
CAMP_2870	core
CAMP_2871	core
CAMP_2872	core
CAMP_2873	core
CAMP_2874	core
CAMP_2875	core
CAMP_2876	core
CAMP_2877	core
CAMP_2878	core
CAMP_2879	core
CAMP_288	core
CAMP_2880	core
CAMP_2881	core
CAMP_2882	core
CAMP_2883	core
CAMP_2884	core
CAMP_2885	core
CAMP_2886	core
CAMP_2887	core
CAMP_2888	core
CAMP_2889	core
CAMP_289	core
CAMP_2890	core
CAMP_2891	core
CAMP_2892	core
CAMP_2893	core
CAMP_2894	core
CAMP_2895	core
CAMP_2896	core
CAMP_2897	core
CAMP_2898	core
CAMP_2899	core
CAMP_29	core
CAMP_290	core
CAMP_2900	core
CAMP_2901	core
CAMP_2902	core
CAMP_2903	core
CAMP_2904	core
CAMP_2905	core
CAMP_2906	core
CAMP_2907	core
CAMP_2908	core
CAMP_2909	core
CAMP_291	core
CAMP_2910	core
CAMP_2911	core
CAMP_2912	core
CAMP_2913	core
CAMP_2914	core
CAMP_2915	core
CAMP_2916	core
CAMP_2917	core
CAMP_2918	core
CAMP_2919	core
CAMP_292	core
CAMP_2920	core
CAMP_2921	core
CAMP_2922	core
CAMP_2923	core
CAMP_2924	core
CAMP_2925	core
CAMP_2926	core
CAMP_2927	core
CAMP_2928	core
CAMP_2929	core
CAMP_293	core
CAMP_2930	core
CAMP_2931	core
CAMP_2932	core
CAMP_2933	core
CAMP_2934	core
CAMP_2935	core
CAMP_2936	core
CAMP_2937	core
CAMP_2938	core
CAMP_2939	core
CAMP_294	core
CAMP_2940	core
CAMP_2941	core
CAMP_2942	core
CAMP_2943	core
CAMP_2944	core
CAMP_2945	core
CAMP_2946	core
CAMP_2947	core
CAMP_2948	core
CAMP_2949	core
CAMP_295	core
CAMP_2950	core
CAMP_2951	core
CAMP_2952	core
CAMP_2953	core
CAMP_2954	core
CAMP_2955	core
CAMP_2956	core
CAMP_2957	core
CAMP_2958	core
CAMP_2959	core
CAMP_296	core
CAMP_2960	core
CAMP_2961	core
CAMP_2962	core
CAMP_2963	core
CAMP_2964	core
CAMP_2965	core
CAMP_2966	core
CAMP_2967	core
CAMP_2968	core
CAMP_2969	core
CAMP_297	core
CAMP_2970	core
CAMP_2971	core
CAMP_2972	core
CAMP_2973	core
CAMP_2974	core
CAMP_2975	core
CAMP_2976	core
CAMP_2977	core
CAMP_2978	core
CAMP_2979	core
CAMP_298	core
CAMP_2980	core
CAMP_2981	core
CAMP_2982	core
CAMP_2983	core
CAMP_2984	core
CAMP_2985	core
CAMP_2986	core
CAMP_2987	core
CAMP_2988	core
CAMP_2989	core
CAMP_299	core
CAMP_2990	core
CAMP_2991	core
CAMP_2992	core
CAMP_2993	core
CAMP_2994	core
CAMP_2995	core
CAMP_2996	core
CAMP_2997	core
CAMP_2998	core
CAMP_2999	core
CAMP_3	core
CAMP_30	core
CAMP_300	core
CAMP_3000	core
CAMP_3001	core
CAMP_3002	core
CAMP_3003	core
CAMP_3004	core
CAMP_3005	core
CAMP_3006	core
CAMP_3007	core
CAMP_3008	core
CAMP_3009	core
CAMP_301	core
CAMP_3010	core
CAMP_3011	core
CAMP_3012	core
CAMP_3013	core
CAMP_3014	core
CAMP_3015	core
CAMP_3016	core
CAMP_3017	core
CAMP_3018	core
CAMP_3019	core
CAMP_302	core
CAMP_3020	core
CAMP_3021	core
CAMP_3022	core
CAMP_3023	core
CAMP_3024	core
CAMP_3025	core
CAMP_3026	core
CAMP_3027	core
CAMP_3028	core
CAMP_3029	core
CAMP_303	core
CAMP_3030	core
CAMP_3031	core
CAMP_3032	core
CAMP_3033	core
CAMP_3034	core
CAMP_3035	core
CAMP_3036	core
CAMP_3037	core
CAMP_3038	core
CAMP_3039	core
CAMP_304	core
CAMP_3040	core
CAMP_3041	core
CAMP_3042	core
CAMP_3043	core
CAMP_3044	core
CAMP_3045	core
CAMP_3046	core
CAMP_3047	core
CAMP_3048	core
CAMP_3049	core
CAMP_305	core
CAMP_3050	core
CAMP_3051	core
CAMP_3052	core
CAMP_3053	core
CAMP_3054	core
CAMP_3055	core
CAMP_3056	core
CAMP_3057	core
CAMP_3058	core
CAMP_3059	core
CAMP_306	core
CAMP_3060	core
CAMP_3061	core
CAMP_3062	core
CAMP_3063	core
CAMP_3064	core
CAMP_3065	core
CAMP_3066	core
CAMP_3067	core
CAMP_3068	core
CAMP_3069	core
CAMP_307	core
CAMP_3070	core
CAMP_3071	core
CAMP_3072	core
CAMP_3073	core
CAMP_3074	core
CAMP_3075	core
CAMP_3076	core
CAMP_3077	core
CAMP_3078	core
CAMP_3079	core
CAMP_308	core
CAMP_3080	core
CAMP_3081	core
CAMP_3082	core
CAMP_3083	core
CAMP_3084	core
CAMP_3085	core
CAMP_3086	core
CAMP_3087	core
CAMP_3088	core
CAMP_3089	core
CAMP_309	core
CAMP_3090	core
CAMP_3091	core
CAMP_3092	core
CAMP_3093	core
CAMP_3094	core
CAMP_3095	core
CAMP_3096	core
CAMP_3097	core
CAMP_3098	core
CAMP_3099	core
CAMP_31	core
CAMP_310	core
CAMP_3100	core
CAMP_3101	core
CAMP_3102	core
CAMP_3103	core
CAMP_3104	core
CAMP_3105	core
CAMP_3106	core
CAMP_3107	core
CAMP_3108	core
CAMP_3109	core
CAMP_311	core
CAMP_3110	core
CAMP_3111	core
CAMP_3112	core
CAMP_3113	core
CAMP_3114	core
CAMP_3115	core
CAMP_3116	core
CAMP_3117	core
CAMP_3118	core
CAMP_3119	core
CAMP_312	core
CAMP_3120	core
CAMP_3121	core
CAMP_3122	core
CAMP_3123	core
CAMP_3124	core
CAMP_3125	core
CAMP_3126	core
CAMP_3127	core
CAMP_3128	core
CAMP_3129	core
CAMP_313	core
CAMP_3130	core
CAMP_3131	core
CAMP_3132	core
CAMP_3133	core
CAMP_3134	core
CAMP_3135	core
CAMP_3136	core
CAMP_3137	core
CAMP_3138	core
CAMP_3139	core
CAMP_314	core
CAMP_3140	core
CAMP_3141	core
CAMP_3142	core
CAMP_3143	core
CAMP_3144	core
CAMP_3145	core
CAMP_3146	core
CAMP_3147	core
CAMP_3148	core
CAMP_3149	core
CAMP_315	core
CAMP_3150	core
CAMP_3151	core
CAMP_3152	core
CAMP_3153	core
CAMP_3154	core
CAMP_3155	core
CAMP_3156	core
CAMP_3157	core
CAMP_3158	core
CAMP_3159	core
CAMP_316	core
CAMP_3160	core
CAMP_3161	core
CAMP_3162	core
CAMP_3163	core
CAMP_3164	core
CAMP_3165	core
CAMP_3166	core
CAMP_3167	core
CAMP_3168	core
CAMP_3169	core
CAMP_317	core
CAMP_3170	core
CAMP_3171	core
CAMP_3172	core
CAMP_3173	core
CAMP_3174	core
CAMP_3175	core
CAMP_3176	core
CAMP_3177	core
CAMP_3178	core
CAMP_3179	core
CAMP_318	core
CAMP_3180	core
CAMP_3181	core
CAMP_3182	core
CAMP_3183	core
CAMP_3184	core
CAMP_3185	core
CAMP_3186	core
CAMP_3187	core
CAMP_3188	core
CAMP_3189	core
CAMP_319	core
CAMP_3190	core
CAMP_3191	core
CAMP_3192	core
CAMP_3193	core
CAMP_3194	core
CAMP_3195	core
CAMP_3196	core
CAMP_3197	core
CAMP_3198	core
CAMP_3199	core
CAMP_32	core
CAMP_320	core
CAMP_3200	core
CAMP_3201	core
CAMP_3202	core
CAMP_3203	core
CAMP_3204	core
CAMP_3205	core
CAMP_3206	core
CAMP_3207	core
CAMP_3208	core
CAMP_3209	core
CAMP_321	core
CAMP_3210	core
CAMP_3211	core
CAMP_3212	core
CAMP_3213	core
CAMP_3214	core
CAMP_3215	core
CAMP_3216	core
CAMP_3217	core
CAMP_3218	core
CAMP_3219	core
CAMP_322	core
CAMP_3220	core
CAMP_3221	core
CAMP_3222	core
CAMP_3223	core
CAMP_3224	core
CAMP_3225	core
CAMP_3226	core
CAMP_3227	core
CAMP_3228	core
CAMP_3229	core
CAMP_323	core
CAMP_3230	core
CAMP_3231	core
CAMP_3232	core
CAMP_3233	core
CAMP_3234	core
CAMP_3235	core
CAMP_3236	core
CAMP_3237	core
CAMP_3238	core
CAMP_3239	core
CAMP_324	core
CAMP_3240	core
CAMP_3241	core
CAMP_3242	core
CAMP_3243	core
CAMP_3244	core
CAMP_3245	core
CAMP_3246	core
CAMP_3247	core
CAMP_3248	core
CAMP_3249	core
CAMP_325	core
CAMP_3250	core
CAMP_3251	core
CAMP_3252	core
CAMP_3253	core
CAMP_3254	core
CAMP_3255	core
CAMP_3256	core
CAMP_3257	core
CAMP_3258	core
CAMP_3259	core
CAMP_326	core
CAMP_3260	core
CAMP_3261	core
CAMP_3262	core
CAMP_3263	core
CAMP_3264	core
CAMP_3265	core
CAMP_3266	core
CAMP_3267	core
CAMP_3268	core
CAMP_3269	core
CAMP_327	core
CAMP_3270	core
CAMP_3271	core
CAMP_3272	core
CAMP_3273	core
CAMP_3274	core
CAMP_3275	core
CAMP_3276	core
CAMP_3277	core
CAMP_3278	core
CAMP_3279	core
CAMP_328	core
CAMP_3280	core
CAMP_3281	core
CAMP_3282	core
CAMP_3283	core
CAMP_3284	core
CAMP_3285	core
CAMP_3286	core
CAMP_3287	core
CAMP_3288	core
CAMP_3289	core
CAMP_329	core
CAMP_3290	core
CAMP_3291	core
CAMP_3292	core
CAMP_3293	core
CAMP_3294	core
CAMP_3295	core
CAMP_3296	core
CAMP_3297	core
CAMP_3298	core
CAMP_3299	core
CAMP_33	core
CAMP_330	core
CAMP_3300	core
CAMP_3301	core
CAMP_3302	core
CAMP_3303	core
CAMP_3304	core
CAMP_3305	core
CAMP_3306	core
CAMP_3307	core
CAMP_3308	core
CAMP_3309	core
CAMP_331	core
CAMP_3310	core
CAMP_3311	core
CAMP_3312	core
CAMP_3313	core
CAMP_3314	core
CAMP_3315	core
CAMP_3316	core
CAMP_3317	core
CAMP_3318	core
CAMP_3319	core
CAMP_332	core
CAMP_3320	core
CAMP_3321	core
CAMP_3322	core
CAMP_3323	core
CAMP_3324	core
CAMP_3325	core
CAMP_3326	core
CAMP_3327	core
CAMP_3328	core
CAMP_3329	core
CAMP_333	core
CAMP_3330	core
CAMP_3331	core
CAMP_3332	core
CAMP_3333	core
CAMP_3334	core
CAMP_3335	core
CAMP_3336	core
CAMP_3337	core
CAMP_3338	core
CAMP_3339	core
CAMP_334	core
CAMP_3340	core
CAMP_3341	core
CAMP_3342	core
CAMP_3343	core
CAMP_3344	core
CAMP_3345	core
CAMP_3346	core
CAMP_3347	core
CAMP_3348	core
CAMP_3349	core
CAMP_335	core
CAMP_3350	core
CAMP_3351	core
CAMP_3352	core
CAMP_3353	core
CAMP_3354	core
CAMP_3355	core
CAMP_3356	core
CAMP_3357	core
CAMP_3358	core
CAMP_3359	core
CAMP_336	core
CAMP_3360	core
CAMP_3361	core
CAMP_3362	core
CAMP_3363	core
CAMP_3364	core
CAMP_3365	core
CAMP_3366	core
CAMP_3367	core
CAMP_3368	core
CAMP_3369	core
CAMP_337	core
CAMP_3370	core
CAMP_3371	core
CAMP_3372	core
CAMP_3373	core
CAMP_3374	core
CAMP_3375	core
CAMP_3376	core
CAMP_3377	core
CAMP_3378	core
CAMP_3379	core
CAMP_338	core
CAMP_3380	core
CAMP_3381	core
CAMP_3382	core
CAMP_3383	core
CAMP_3384	core
CAMP_3385	core
CAMP_3386	core
CAMP_3387	core
CAMP_3388	core
CAMP_3389	core
CAMP_339	core
CAMP_3390	core
CAMP_3391	core
CAMP_3392	core
CAMP_3393	core
CAMP_3394	core
CAMP_3395	core
CAMP_3396	core
CAMP_3397	core
CAMP_3398	core
CAMP_3399	core
CAMP_34	core
CAMP_340	core
CAMP_3400	core
CAMP_3401	core
CAMP_3402	core
CAMP_3403	core
CAMP_3404	core
CAMP_3405	core
CAMP_3406	core
CAMP_3407	core
CAMP_3408	core
CAMP_3409	core
CAMP_341	core
CAMP_3410	core
CAMP_3411	core
CAMP_3412	core
CAMP_3413	core
CAMP_3414	core
CAMP_3415	core
CAMP_3416	core
CAMP_3417	core
CAMP_3418	core
CAMP_3419	core
CAMP_342	core
CAMP_3420	core
CAMP_3421	core
CAMP_3422	core
CAMP_3423	core
CAMP_3424	core
CAMP_3425	core
CAMP_3426	core
CAMP_3427	core
CAMP_3428	core
CAMP_3429	core
CAMP_343	core
CAMP_3430	core
CAMP_3431	core
CAMP_3432	core
CAMP_3433	core
CAMP_3434	core
CAMP_3435	core
CAMP_3436	core
CAMP_3437	core
CAMP_3438	core
CAMP_3439	core
CAMP_344	core
CAMP_3440	core
CAMP_3441	core
CAMP_3442	core
CAMP_3443	core
CAMP_3444	core
CAMP_3445	core
CAMP_3446	core
CAMP_3447	core
CAMP_3448	core
CAMP_3449	core
CAMP_345	core
CAMP_3450	core
CAMP_3451	core
CAMP_3452	core
CAMP_3453	core
CAMP_3454	core
CAMP_3455	core
CAMP_3456	core
CAMP_3457	core
CAMP_3458	core
CAMP_3459	core
CAMP_346	core
CAMP_3460	core
CAMP_3461	core
CAMP_3462	core
CAMP_3463	core
CAMP_3464	core
CAMP_3465	core
CAMP_3466	core
CAMP_3467	core
CAMP_3468	core
CAMP_3469	core
CAMP_347	core
CAMP_3470	core
CAMP_3471	core
CAMP_3472	core
CAMP_3473	core
CAMP_3474	core
CAMP_3475	core
CAMP_3476	core
CAMP_3477	core
CAMP_3478	core
CAMP_3479	core
CAMP_348	core
CAMP_3480	core
CAMP_3481	core
CAMP_3482	core
CAMP_3483	core
CAMP_3484	core
CAMP_3485	core
CAMP_3486	core
CAMP_3487	core
CAMP_3488	core
CAMP_3489	core
CAMP_349	core
CAMP_3490	core
CAMP_3491	core
CAMP_3492	core
CAMP_3493	core
CAMP_3494	core
CAMP_3495	core
CAMP_3496	core
CAMP_3497	core
CAMP_3498	core
CAMP_3499	core
CAMP_35	core
CAMP_350	core
CAMP_3500	core
CAMP_3501	core
CAMP_3502	core
CAMP_3503	core
CAMP_3504	core
CAMP_3505	core
CAMP_3506	core
CAMP_3507	core
CAMP_3508	core
CAMP_3509	core
CAMP_351	core
CAMP_3510	core
CAMP_3511	core
CAMP_3512	core
CAMP_3513	core
CAMP_3514	core
CAMP_3515	core
CAMP_3516	core
CAMP_3517	core
CAMP_3518	core
CAMP_3519	core
CAMP_352	core
CAMP_3520	core
CAMP_3521	core
CAMP_3522	core
CAMP_3523	core
CAMP_3524	core
CAMP_3525	core
CAMP_3526	core
CAMP_3527	core
CAMP_3528	core
CAMP_3529	core
CAMP_353	core
CAMP_3530	core
CAMP_3531	core
CAMP_3532	core
CAMP_3533	core
CAMP_3534	core
CAMP_3535	core
CAMP_3536	core
CAMP_3537	core
CAMP_3538	core
CAMP_3539	core
CAMP_354	core
CAMP_3540	core
CAMP_3541	core
CAMP_3542	core
CAMP_3543	core
CAMP_3544	core
CAMP_3545	core
CAMP_3546	core
CAMP_3547	core
CAMP_3548	core
CAMP_3549	core
CAMP_355	core
CAMP_3550	core
CAMP_3551	core
CAMP_3552	core
CAMP_3553	core
CAMP_3554	core
CAMP_3555	core
CAMP_3556	core
CAMP_3557	core
CAMP_3558	core
CAMP_3559	core
CAMP_356	core
CAMP_3560	core
CAMP_3561	core
CAMP_3562	core
CAMP_3563	core
CAMP_3564	core
CAMP_3565	core
CAMP_3566	core
CAMP_3567	core
CAMP_3568	core
CAMP_3569	core
CAMP_357	core
CAMP_3570	core
CAMP_3571	core
CAMP_3572	core
CAMP_3573	core
CAMP_3574	core
CAMP_3575	core
CAMP_3576	core
CAMP_3577	core
CAMP_3578	core
CAMP_3579	core
CAMP_358	core
CAMP_3580	core
CAMP_3581	core
CAMP_3582	core
CAMP_3583	core
CAMP_3584	core
CAMP_3585	core
CAMP_3586	core
CAMP_3587	core
CAMP_3588	core
CAMP_3589	core
CAMP_359	core
CAMP_3590	core
CAMP_3591	core
CAMP_3592	core
CAMP_3593	core
CAMP_3594	core
CAMP_3595	core
CAMP_3596	core
CAMP_3597	core
CAMP_3598	core
CAMP_3599	core
CAMP_36	core
CAMP_360	core
CAMP_3600	core
CAMP_3601	core
CAMP_3602	core
CAMP_3603	core
CAMP_3604	core
CAMP_3605	core
CAMP_3606	core
CAMP_3607	core
CAMP_3608	core
CAMP_3609	core
CAMP_361	core
CAMP_3610	core
CAMP_3611	core
CAMP_3612	core
CAMP_3613	core
CAMP_3614	core
CAMP_3615	core
CAMP_3616	core
CAMP_3617	core
CAMP_3618	core
CAMP_3619	core
CAMP_362	core
CAMP_3620	core
CAMP_3621	core
CAMP_3622	core
CAMP_3623	core
CAMP_3624	core
CAMP_3625	core
CAMP_3626	core
CAMP_3627	core
CAMP_3628	core
CAMP_3629	core
CAMP_363	core
CAMP_3630	core
CAMP_3631	core
CAMP_3632	core
CAMP_3633	core
CAMP_3634	core
CAMP_3635	core
CAMP_3636	core
CAMP_3637	core
CAMP_3638	core
CAMP_3639	core
CAMP_364	core
CAMP_3640	core
CAMP_3641	core
CAMP_3642	core
CAMP_3643	core
CAMP_3644	core
CAMP_3645	core
CAMP_3646	core
CAMP_3647	core
CAMP_3648	core
CAMP_3649	core
CAMP_365	core
CAMP_3650	core
CAMP_3651	core
CAMP_3652	core
CAMP_3653	core
CAMP_3654	core
CAMP_3655	core
CAMP_3656	core
CAMP_3657	core
CAMP_3658	core
CAMP_3659	core
CAMP_366	core
CAMP_3660	core
CAMP_3661	core
CAMP_3662	core
CAMP_3663	core
CAMP_3664	core
CAMP_3665	core
CAMP_3666	core
CAMP_3667	core
CAMP_3668	core
CAMP_3669	core
CAMP_367	core
CAMP_3670	core
CAMP_3671	core
CAMP_3672	core
CAMP_3673	core
CAMP_3674	core
CAMP_3675	core
CAMP_3676	core
CAMP_3677	core
CAMP_3678	core
CAMP_3679	core
CAMP_368	core
CAMP_3680	core
CAMP_3681	core
CAMP_3682	core
CAMP_3683	core
CAMP_3684	core
CAMP_3685	core
CAMP_3686	core
CAMP_3687	core
CAMP_3688	core
CAMP_3689	core
CAMP_369	core
CAMP_3690	core
CAMP_3691	core
CAMP_3692	core
CAMP_3693	core
CAMP_3694	core
CAMP_3695	core
CAMP_3696	core
CAMP_3697	core
CAMP_3698	core
CAMP_3699	core
CAMP_37	core
CAMP_370	core
CAMP_3700	core
CAMP_3701	core
CAMP_3702	core
CAMP_3703	core
CAMP_3704	core
CAMP_3705	core
CAMP_3706	core
CAMP_3707	core
CAMP_3708	core
CAMP_3709	core
CAMP_371	core
CAMP_3710	core
CAMP_3711	core
CAMP_3712	core
CAMP_3713	core
CAMP_3714	core
CAMP_3715	core
CAMP_3716	core
CAMP_3717	core
CAMP_3718	core
CAMP_3719	core
CAMP_372	core
CAMP_3720	core
CAMP_3721	core
CAMP_3722	core
CAMP_3723	core
CAMP_3724	core
CAMP_3725	core
CAMP_3726	core
CAMP_3727	core
CAMP_3728	core
CAMP_3729	core
CAMP_373	core
CAMP_3730	core
CAMP_3731	core
CAMP_3732	core
CAMP_3733	core
CAMP_3734	core
CAMP_3735	core
CAMP_3736	core
CAMP_3737	core
CAMP_3738	core
CAMP_3739	core
CAMP_374	core
CAMP_3740	core
CAMP_3741	core
CAMP_3742	core
CAMP_3743	core
CAMP_3744	core
CAMP_3745	core
CAMP_3746	core
CAMP_3747	core
CAMP_3748	core
CAMP_3749	core
CAMP_375	core
CAMP_3750	core
CAMP_3751	core
CAMP_3752	core
CAMP_3753	core
CAMP_3754	core
CAMP_3755	core
CAMP_3756	core
CAMP_3757	core
CAMP_3758	core
CAMP_3759	core
CAMP_376	core
CAMP_3760	core
CAMP_3761	core
CAMP_3762	core
CAMP_3763	core
CAMP_3764	core
CAMP_3765	core
CAMP_3766	core
CAMP_3767	core
CAMP_3768	core
CAMP_3769	core
CAMP_377	core
CAMP_3770	core
CAMP_3771	core
CAMP_3772	core
CAMP_3773	core
CAMP_3774	core
CAMP_3775	core
CAMP_3776	core
CAMP_3777	core
CAMP_3778	core
CAMP_3779	core
CAMP_378	core
CAMP_3780	core
CAMP_3781	core
CAMP_3782	core
CAMP_3783	core
CAMP_3784	core
CAMP_3785	core
CAMP_3786	core
CAMP_3787	core
CAMP_3788	core
CAMP_3789	core
CAMP_379	core
CAMP_3790	core
CAMP_3791	core
CAMP_3792	core
CAMP_3793	core
CAMP_3794	core
CAMP_3795	core
CAMP_3796	core
CAMP_3797	core
CAMP_3798	core
CAMP_3799	core
CAMP_38	core
CAMP_380	core
CAMP_3800	core
CAMP_3801	core
CAMP_3802	core
CAMP_3803	core
CAMP_3804	core
CAMP_3805	core
CAMP_3806	core
CAMP_3807	core
CAMP_3808	core
CAMP_3809	core
CAMP_381	core
CAMP_3810	core
CAMP_3811	core
CAMP_3812	core
CAMP_3813	core
CAMP_3814	core
CAMP_3815	core
CAMP_3816	core
CAMP_3817	core
CAMP_3818	core
CAMP_3819	core
CAMP_382	core
CAMP_3820	core
CAMP_3821	core
CAMP_3822	core
CAMP_3823	core
CAMP_3824	core
CAMP_3825	core
CAMP_3826	core
CAMP_3827	core
CAMP_3828	core
CAMP_3829	core
CAMP_383	core
CAMP_3830	core
CAMP_3831	core
CAMP_3832	core
CAMP_3833	core
CAMP_3834	core
CAMP_3835	core
CAMP_3836	core
CAMP_3837	core
CAMP_3838	core
CAMP_3839	core
CAMP_384	core
CAMP_3840	core
CAMP_3841	core
CAMP_3842	core
CAMP_3843	core
CAMP_3844	core
CAMP_3845	core
CAMP_3846	core
CAMP_3847	core
CAMP_3848	core
CAMP_3849	core
CAMP_385	core
CAMP_3850	core
CAMP_3851	core
CAMP_3852	core
CAMP_3853	core
CAMP_3854	core
CAMP_3855	core
CAMP_3856	core
CAMP_3857	core
CAMP_3858	core
CAMP_3859	core
CAMP_386	core
CAMP_3860	core
CAMP_3861	core
CAMP_3862	core
CAMP_3863	core
CAMP_3864	core
CAMP_3865	core
CAMP_3866	core
CAMP_3867	core
CAMP_3868	core
CAMP_3869	core
CAMP_387	core
CAMP_3870	core
CAMP_3871	core
CAMP_3872	core
CAMP_3873	core
CAMP_3874	core
CAMP_3875	core
CAMP_3876	core
CAMP_3877	core
CAMP_3878	core
CAMP_3879	core
CAMP_388	core
CAMP_3880	core
CAMP_3881	core
CAMP_3882	core
CAMP_3883	core
CAMP_3884	core
CAMP_3885	core
CAMP_3886	core
CAMP_3887	core
CAMP_3888	core
CAMP_3889	core
CAMP_389	core
CAMP_3890	core
CAMP_3891	core
CAMP_3892	core
CAMP_3893	core
CAMP_3894	core
CAMP_3895	core
CAMP_3896	core
CAMP_3897	core
CAMP_3898	core
CAMP_3899	core
CAMP_39	core
CAMP_390	core
CAMP_3900	core
CAMP_3901	core
CAMP_3902	core
CAMP_3903	core
CAMP_3904	core
CAMP_3905	core
CAMP_3906	core
CAMP_3907	core
CAMP_3908	core
CAMP_3909	core
CAMP_391	core
CAMP_3910	core
CAMP_3911	core
CAMP_3912	core
CAMP_3913	core
CAMP_3914	core
CAMP_3915	core
CAMP_3916	core
CAMP_3917	core
CAMP_3918	core
CAMP_3919	core
CAMP_392	core
CAMP_3920	core
CAMP_3921	core
CAMP_3922	core
CAMP_3923	core
CAMP_3924	core
CAMP_3925	core
CAMP_3926	core
CAMP_3927	core
CAMP_3928	core
CAMP_3929	core
CAMP_393	core
CAMP_3930	core
CAMP_3931	core
CAMP_3932	core
CAMP_3933	core
CAMP_3934	core
CAMP_3935	core
CAMP_3936	core
CAMP_3937	core
CAMP_3938	core
CAMP_3939	core
CAMP_394	core
CAMP_3940	core
CAMP_3941	core
CAMP_3942	core
CAMP_3943	core
CAMP_3944	core
CAMP_3945	core
CAMP_3946	core
CAMP_3947	core
CAMP_3948	core
CAMP_3949	core
CAMP_395	core
CAMP_3950	core
CAMP_3951	core
CAMP_3952	core
CAMP_3953	core
CAMP_3954	core
CAMP_3955	core
CAMP_3956	core
CAMP_3957	core
CAMP_3958	core
CAMP_3959	core
CAMP_396	core
CAMP_3960	core
CAMP_3961	core
CAMP_3962	core
CAMP_3963	core
CAMP_3964	core
CAMP_3965	core
CAMP_3966	core
CAMP_3967	core
CAMP_3968	core
CAMP_3969	core
CAMP_397	core
CAMP_3970	core
CAMP_3971	core
CAMP_3972	core
CAMP_3973	core
CAMP_3974	core
CAMP_3975	core
CAMP_3976	core
CAMP_3977	core
CAMP_3978	core
CAMP_3979	core
CAMP_398	core
CAMP_3980	core
CAMP_3981	core
CAMP_3982	core
CAMP_3983	core
CAMP_3984	core
CAMP_3985	core
CAMP_3986	core
CAMP_3987	core
CAMP_3988	core
CAMP_3989	core
CAMP_399	core
CAMP_3990	core
CAMP_3991	core
CAMP_3992	core
CAMP_3993	core
CAMP_3994	core
CAMP_3995	core
CAMP_3996	core
CAMP_3997	core
CAMP_3998	core
CAMP_3999	core
CAMP_4	core
CAMP_40	core
CAMP_400	core
CAMP_4000	core
CAMP_4001	core
CAMP_4002	core
CAMP_4003	core
CAMP_4004	core
CAMP_4005	core
CAMP_4006	core
CAMP_4007	core
CAMP_4008	core
CAMP_4009	core
CAMP_401	core
CAMP_4010	core
CAMP_4011	core
CAMP_4012	core
CAMP_4013	core
CAMP_4014	core
CAMP_4015	core
CAMP_4016	core
CAMP_4017	core
CAMP_4018	core
CAMP_4019	core
CAMP_402	core
CAMP_4020	core
CAMP_4021	core
CAMP_4022	core
CAMP_4023	core
CAMP_4024	core
CAMP_4025	core
CAMP_4026	core
CAMP_4027	core
CAMP_4028	core
CAMP_4029	core
CAMP_403	core
CAMP_4030	core
CAMP_4031	core
CAMP_4032	core
CAMP_4033	core
CAMP_4034	core
CAMP_4035	core
CAMP_4036	core
CAMP_4037	core
CAMP_4038	core
CAMP_4039	core
CAMP_404	core
CAMP_4040	core
CAMP_4041	core
CAMP_4042	core
CAMP_4043	core
CAMP_4044	core
CAMP_4045	core
CAMP_4046	core
CAMP_4047	core
CAMP_4048	core
CAMP_4049	core
CAMP_405	core
CAMP_4050	core
CAMP_4051	core
CAMP_4052	core
CAMP_4053	core
CAMP_4054	core
CAMP_4055	core
CAMP_4056	core
CAMP_4057	core
CAMP_4058	core
CAMP_4059	core
CAMP_406	core
CAMP_4060	core
CAMP_4061	core
CAMP_4062	core
CAMP_4063	core
CAMP_4064	core
CAMP_4065	core
CAMP_4066	core
CAMP_4067	core
CAMP_4068	core
CAMP_4069	core
CAMP_407	core
CAMP_4070	core
CAMP_4071	core
CAMP_4072	core
CAMP_4073	core
CAMP_4074	core
CAMP_4075	core
CAMP_4076	core
CAMP_4077	core
CAMP_4078	core
CAMP_4079	core
CAMP_408	core
CAMP_4080	core
CAMP_4081	core
CAMP_4082	core
CAMP_4083	core
CAMP_4084	core
CAMP_4085	core
CAMP_4086	core
CAMP_4087	core
CAMP_4088	core
CAMP_4089	core
CAMP_409	core
CAMP_4090	core
CAMP_4091	core
CAMP_4092	core
CAMP_4093	core
CAMP_4094	core
CAMP_4095	core
CAMP_4096	core
CAMP_4097	core
CAMP_4098	core
CAMP_4099	core
CAMP_41	core
CAMP_410	core
CAMP_4100	core
CAMP_4101	core
CAMP_4102	core
CAMP_4103	core
CAMP_4104	core
CAMP_4105	core
CAMP_4106	core
CAMP_4107	core
CAMP_4108	core
CAMP_4109	core
CAMP_411	core
CAMP_4110	core
CAMP_4111	core
CAMP_4112	core
CAMP_4113	core
CAMP_4114	core
CAMP_4115	core
CAMP_4116	core
CAMP_4117	core
CAMP_4118	core
CAMP_4119	core
CAMP_412	core
CAMP_4120	core
CAMP_4121	core
CAMP_4122	core
CAMP_4123	core
CAMP_4124	core
CAMP_4125	core
CAMP_4126	core
CAMP_4127	core
CAMP_4128	core
CAMP_4129	core
CAMP_413	core
CAMP_4130	core
CAMP_4131	core
CAMP_4132	core
CAMP_4133	core
CAMP_4134	core
CAMP_4135	core
CAMP_4136	core
CAMP_4137	core
CAMP_4138	core
CAMP_4139	core
CAMP_414	core
CAMP_4140	core
CAMP_4141	core
CAMP_4142	core
CAMP_4143	core
CAMP_4144	core
CAMP_4145	core
CAMP_4146	core
CAMP_4147	core
CAMP_4148	core
CAMP_4149	core
CAMP_415	core
CAMP_4150	core
CAMP_4151	core
CAMP_4152	core
CAMP_4153	core
CAMP_4154	core
CAMP_4155	core
CAMP_4156	core
CAMP_4157	core
CAMP_4158	core
CAMP_4159	core
CAMP_416	core
CAMP_4160	core
CAMP_4161	core
CAMP_4162	core
CAMP_4163	core
CAMP_4164	core
CAMP_4165	core
CAMP_4166	core
CAMP_4167	core
CAMP_4168	core
CAMP_4169	core
CAMP_417	core
CAMP_4170	core
CAMP_4171	core
CAMP_4172	core
CAMP_4173	core
CAMP_4174	core
CAMP_4175	core
CAMP_4176	core
CAMP_4177	core
CAMP_4178	core
CAMP_4179	core
CAMP_418	core
CAMP_4180	core
CAMP_4181	core
CAMP_4182	core
CAMP_4183	core
CAMP_4184	core
CAMP_4185	core
CAMP_4186	core
CAMP_4187	core
CAMP_4188	core
CAMP_4189	core
CAMP_419	core
CAMP_4190	core
CAMP_4191	core
CAMP_4192	core
CAMP_4193	core
CAMP_4194	core
CAMP_4195	core
CAMP_4196	core
CAMP_4197	core
CAMP_4198	core
CAMP_4199	core
CAMP_42	core
CAMP_420	core
CAMP_4200	core
CAMP_4201	core
CAMP_4202	core
CAMP_4203	core
CAMP_4204	core
CAMP_4205	core
CAMP_4206	core
CAMP_4207	core
CAMP_4208	core
CAMP_4209	core
CAMP_421	core
CAMP_4210	core
CAMP_4211	core
CAMP_4212	core
CAMP_4213	core
CAMP_4214	core
CAMP_4215	core
CAMP_4216	core
CAMP_4217	core
CAMP_4218	core
CAMP_4219	core
CAMP_422	core
CAMP_4220	core
CAMP_4221	core
CAMP_4222	core
CAMP_4223	core
CAMP_4224	core
CAMP_4225	core
CAMP_4226	core
CAMP_4227	core
CAMP_4228	core
CAMP_4229	core
CAMP_423	core
CAMP_4230	core
CAMP_4231	core
CAMP_4232	core
CAMP_4233	core
CAMP_4234	core
CAMP_4235	core
CAMP_4236	core
CAMP_4237	core
CAMP_4238	core
CAMP_4239	core
CAMP_424	core
CAMP_4240	core
CAMP_4241	core
CAMP_4242	core
CAMP_4243	core
CAMP_4244	core
CAMP_4245	core
CAMP_4246	core
CAMP_4247	core
CAMP_4248	core
CAMP_4249	core
CAMP_425	core
CAMP_4250	core
CAMP_4251	core
CAMP_4252	core
CAMP_4253	core
CAMP_4254	core
CAMP_4255	core
CAMP_4256	core
CAMP_4257	core
CAMP_4258	core
CAMP_4259	core
CAMP_426	core
CAMP_4260	core
CAMP_4261	core
CAMP_4262	core
CAMP_4263	core
CAMP_4264	core
CAMP_4265	core
CAMP_4266	core
CAMP_4267	core
CAMP_4268	core
CAMP_4269	core
CAMP_427	core
CAMP_4270	core
CAMP_4271	core
CAMP_4272	core
CAMP_4273	core
CAMP_4274	core
CAMP_4275	core
CAMP_4276	core
CAMP_4277	core
CAMP_4278	core
CAMP_4279	core
CAMP_428	core
CAMP_4280	core
CAMP_4281	core
CAMP_4282	core
CAMP_4283	core
CAMP_4284	core
CAMP_4285	core
CAMP_4286	core
CAMP_4287	core
CAMP_4288	core
CAMP_4289	core
CAMP_429	core
CAMP_4290	core
CAMP_4291	core
CAMP_4292	core
CAMP_4293	core
CAMP_4294	core
CAMP_4295	core
CAMP_4296	core
CAMP_4297	core
CAMP_4298	core
CAMP_4299	core
CAMP_43	core
CAMP_430	core
CAMP_4300	core
CAMP_4301	core
CAMP_4302	core
CAMP_4303	core
CAMP_4304	core
CAMP_4305	core
CAMP_4306	core
CAMP_4307	core
CAMP_4308	core
CAMP_4309	core
CAMP_431	core
CAMP_4310	core
CAMP_4311	core
CAMP_4312	core
CAMP_4313	core
CAMP_4314	core
CAMP_4315	core
CAMP_4316	core
CAMP_4317	core
CAMP_4318	core
CAMP_4319	core
CAMP_432	core
CAMP_4320	core
CAMP_4321	core
CAMP_4322	core
CAMP_4323	core
CAMP_4324	core
CAMP_4325	core
CAMP_4326	core
CAMP_4327	core
CAMP_4328	core
CAMP_4329	core
CAMP_433	core
CAMP_4330	core
CAMP_4331	core
CAMP_4332	core
CAMP_4333	core
CAMP_4334	core
CAMP_4335	core
CAMP_4336	core
CAMP_4337	core
CAMP_4338	core
CAMP_4339	core
CAMP_434	core
CAMP_4340	core
CAMP_4341	core
CAMP_4342	core
CAMP_4343	core
CAMP_4344	core
CAMP_4345	core
CAMP_4346	core
CAMP_4347	core
CAMP_4348	core
CAMP_4349	core
CAMP_435	core
CAMP_4350	core
CAMP_4351	core
CAMP_4352	core
CAMP_4353	core
CAMP_4354	core
CAMP_4355	core
CAMP_4356	core
CAMP_4357	core
CAMP_4358	core
CAMP_4359	core
CAMP_436	core
CAMP_4360	core
CAMP_4361	core
CAMP_4362	core
CAMP_4363	core
CAMP_4364	core
CAMP_4365	core
CAMP_4366	core
CAMP_4367	core
CAMP_4368	core
CAMP_4369	core
CAMP_437	core
CAMP_4370	core
CAMP_4371	core
CAMP_4372	core
CAMP_4373	core
CAMP_4374	core
CAMP_4375	core
CAMP_4376	core
CAMP_4377	core
CAMP_4378	core
CAMP_4379	core
CAMP_438	core
CAMP_4380	core
CAMP_4381	core
CAMP_4382	core
CAMP_4383	core
CAMP_4384	core
CAMP_4385	core
CAMP_4386	core
CAMP_4387	core
CAMP_4388	core
CAMP_4389	core
CAMP_439	core
CAMP_4390	core
CAMP_4391	core
CAMP_4392	core
CAMP_4393	core
CAMP_4394	core
CAMP_4395	core
CAMP_4396	core
CAMP_4397	core
CAMP_4398	core
CAMP_4399	core
CAMP_44	core
CAMP_440	core
CAMP_4400	core
CAMP_4401	core
CAMP_4402	core
CAMP_4403	core
CAMP_4404	core
CAMP_4405	core
CAMP_4406	core
CAMP_4407	core
CAMP_4408	core
CAMP_4409	core
CAMP_441	core
CAMP_4410	core
CAMP_4411	core
CAMP_4412	core
CAMP_4413	core
CAMP_4414	core
CAMP_4415	core
CAMP_4416	core
CAMP_4417	core
CAMP_4418	core
CAMP_4419	core
CAMP_442	core
CAMP_4420	core
CAMP_4421	core
CAMP_4422	core
CAMP_4423	core
CAMP_4424	core
CAMP_4425	core
CAMP_4426	core
CAMP_4427	core
CAMP_4428	core
CAMP_4429	core
CAMP_443	core
CAMP_4430	core
CAMP_4431	core
CAMP_4432	core
CAMP_4433	core
CAMP_4434	core
CAMP_4435	core
CAMP_4436	core
CAMP_4437	core
CAMP_4438	core
CAMP_4439	core
CAMP_444	core
CAMP_4440	core
CAMP_4441	core
CAMP_4442	core
CAMP_4443	core
CAMP_4444	core
CAMP_4445	core
CAMP_4446	core
CAMP_4447	core
CAMP_4448	core
CAMP_4449	core
CAMP_445	core
CAMP_4450	core
CAMP_4451	core
CAMP_4452	core
CAMP_4453	core
CAMP_4454	core
CAMP_4455	core
CAMP_4456	core
CAMP_4457	core
CAMP_4458	core
CAMP_4459	core
CAMP_446	core
CAMP_4460	core
CAMP_4461	core
CAMP_4462	core
CAMP_4463	core
CAMP_4464	core
CAMP_4465	core
CAMP_4466	core
CAMP_4467	core
CAMP_4468	core
CAMP_4469	core
CAMP_447	core
CAMP_4470	core
CAMP_4471	core
CAMP_4472	core
CAMP_4473	core
CAMP_4474	core
CAMP_4475	core
CAMP_4476	core
CAMP_4477	core
CAMP_4478	core
CAMP_4479	core
CAMP_448	core
CAMP_4480	core
CAMP_4481	core
CAMP_4482	core
CAMP_4483	core
CAMP_4484	core
CAMP_4485	core
CAMP_4486	core
CAMP_4487	core
CAMP_4488	core
CAMP_4489	core
CAMP_449	core
CAMP_4490	core
CAMP_4491	core
CAMP_4492	core
CAMP_4493	core
CAMP_4494	core
CAMP_4495	core
CAMP_4496	core
CAMP_4497	core
CAMP_4498	core
CAMP_4499	core
CAMP_45	core
CAMP_450	core
CAMP_4500	core
CAMP_4501	core
CAMP_4502	core
CAMP_4503	core
CAMP_4504	core
CAMP_4505	core
CAMP_4506	core
CAMP_4507	core
CAMP_4508	core
CAMP_4509	core
CAMP_451	core
CAMP_4510	core
CAMP_4511	core
CAMP_4512	core
CAMP_4513	core
CAMP_4514	core
CAMP_4515	core
CAMP_4516	core
CAMP_4517	core
CAMP_4518	core
CAMP_4519	core
CAMP_452	core
CAMP_4520	core
CAMP_4521	core
CAMP_4522	core
CAMP_4523	core
CAMP_4524	core
CAMP_4525	core
CAMP_4526	core
CAMP_4527	core
CAMP_4528	core
CAMP_4529	core
CAMP_453	core
CAMP_4530	core
CAMP_4531	core
CAMP_4532	core
CAMP_4533	core
CAMP_4534	core
CAMP_4535	core
CAMP_4536	core
CAMP_4537	core
CAMP_4538	core
CAMP_4539	core
CAMP_454	core
CAMP_4540	core
CAMP_4541	core
CAMP_4542	core
CAMP_4543	core
CAMP_4544	core
CAMP_4545	core
CAMP_4546	core
CAMP_4547	core
CAMP_4548	core
CAMP_4549	core
CAMP_455	core
CAMP_4550	core
CAMP_4551	core
CAMP_4552	core
CAMP_4553	core
CAMP_4554	core
CAMP_4555	core
CAMP_4556	core
CAMP_4557	core
CAMP_4558	core
CAMP_4559	core
CAMP_456	core
CAMP_4560	core
CAMP_4561	core
CAMP_4562	core
CAMP_4563	core
CAMP_4564	core
CAMP_4565	core
CAMP_4566	core
CAMP_4567	core
CAMP_4568	core
CAMP_4569	core
CAMP_457	core
CAMP_4570	core
CAMP_4571	core
CAMP_4572	core
CAMP_4573	core
CAMP_4574	core
CAMP_4575	core
CAMP_4576	core
CAMP_4577	core
CAMP_4578	core
CAMP_4579	core
CAMP_458	core
CAMP_4580	core
CAMP_4581	core
CAMP_4582	core
CAMP_4583	core
CAMP_4584	core
CAMP_4585	core
CAMP_4586	core
CAMP_4587	core
CAMP_4588	core
CAMP_4589	core
CAMP_459	core
CAMP_4590	core
CAMP_4591	core
CAMP_4592	core
CAMP_4593	core
CAMP_4594	core
CAMP_4595	core
CAMP_4596	core
CAMP_4597	core
CAMP_4598	core
CAMP_4599	core
CAMP_46	core
CAMP_460	core
CAMP_4600	core
CAMP_4601	core
CAMP_4602	core
CAMP_4603	core
CAMP_4604	core
CAMP_4605	core
CAMP_4606	core
CAMP_4607	core
CAMP_4608	core
CAMP_4609	core
CAMP_461	core
CAMP_4610	core
CAMP_4611	core
CAMP_4612	core
CAMP_4613	core
CAMP_4614	core
CAMP_4615	core
CAMP_4616	core
CAMP_4617	core
CAMP_4618	core
CAMP_4619	core
CAMP_462	core
CAMP_4620	core
CAMP_4621	core
CAMP_4622	core
CAMP_4623	core
CAMP_4624	core
CAMP_4625	core
CAMP_4626	core
CAMP_4627	core
CAMP_4628	core
CAMP_4629	core
CAMP_463	core
CAMP_4630	core
CAMP_4631	core
CAMP_4632	core
CAMP_4633	core
CAMP_4634	core
CAMP_4635	core
CAMP_4636	core
CAMP_4637	core
CAMP_4638	core
CAMP_4639	core
CAMP_464	core
CAMP_4640	core
CAMP_4641	core
CAMP_4642	core
CAMP_4643	core
CAMP_4644	core
CAMP_4645	core
CAMP_4646	core
CAMP_4647	core
CAMP_4648	core
CAMP_4649	core
CAMP_465	core
CAMP_4650	core
CAMP_4651	core
CAMP_4652	core
CAMP_4653	core
CAMP_4654	core
CAMP_4655	core
CAMP_4656	core
CAMP_4657	core
CAMP_4658	core
CAMP_4659	core
CAMP_466	core
CAMP_4660	core
CAMP_4661	core
CAMP_4662	core
CAMP_4663	core
CAMP_4664	core
CAMP_4665	core
CAMP_4666	core
CAMP_4667	core
CAMP_4668	core
CAMP_4669	core
CAMP_467	core
CAMP_4670	core
CAMP_4671	core
CAMP_4672	core
CAMP_4673	core
CAMP_4674	core
CAMP_4675	core
CAMP_4676	core
CAMP_4677	core
CAMP_4678	core
CAMP_4679	core
CAMP_468	core
CAMP_4680	core
CAMP_4681	core
CAMP_4682	core
CAMP_4683	core
CAMP_4684	core
CAMP_4685	core
CAMP_4686	core
CAMP_4687	core
CAMP_4688	core
CAMP_4689	core
CAMP_469	core
CAMP_4690	core
CAMP_4691	core
CAMP_4692	core
CAMP_4693	core
CAMP_4694	core
CAMP_4695	core
CAMP_4696	core
CAMP_4697	core
CAMP_4698	core
CAMP_4699	core
CAMP_47	core
CAMP_470	core
CAMP_4700	core
CAMP_4701	core
CAMP_4702	core
CAMP_4703	core
CAMP_4704	core
CAMP_4705	core
CAMP_4706	core
CAMP_4707	core
CAMP_4708	core
CAMP_4709	core
CAMP_471	core
CAMP_4710	core
CAMP_4711	core
CAMP_4712	core
CAMP_4713	core
CAMP_4714	core
CAMP_4715	core
CAMP_4716	core
CAMP_4717	core
CAMP_4718	core
CAMP_4719	core
CAMP_472	core
CAMP_4720	core
CAMP_4721	core
CAMP_4722	core
CAMP_4723	core
CAMP_4724	core
CAMP_4725	core
CAMP_4726	core
CAMP_4727	core
CAMP_4728	core
CAMP_4729	core
CAMP_473	core
CAMP_4730	core
CAMP_4731	core
CAMP_4732	core
CAMP_4733	core
CAMP_4734	core
CAMP_4735	core
CAMP_4736	core
CAMP_4737	core
CAMP_4738	core
CAMP_4739	core
CAMP_474	core
CAMP_4740	core
CAMP_4741	core
CAMP_4742	core
CAMP_4743	core
CAMP_4744	core
CAMP_4745	core
CAMP_4746	core
CAMP_4747	core
CAMP_4748	core
CAMP_4749	core
CAMP_475	core
CAMP_4750	core
CAMP_4751	core
CAMP_4752	core
CAMP_4753	core
CAMP_4754	core
CAMP_4755	core
CAMP_4756	core
CAMP_4757	core
CAMP_4758	core
CAMP_4759	core
CAMP_476	core
CAMP_4760	core
CAMP_4761	core
CAMP_4762	core
CAMP_4763	core
CAMP_4764	core
CAMP_4765	core
CAMP_4766	core
CAMP_4767	core
CAMP_4768	core
CAMP_4769	core
CAMP_477	core
CAMP_4770	core
CAMP_4771	core
CAMP_4772	core
CAMP_4773	core
CAMP_4774	core
CAMP_4775	core
CAMP_4776	core
CAMP_4777	core
CAMP_4778	core
CAMP_4779	core
CAMP_478	core
CAMP_4780	core
CAMP_4781	core
CAMP_4782	core
CAMP_4783	core
CAMP_4784	core
CAMP_4785	core
CAMP_4786	core
CAMP_4787	core
CAMP_4788	core
CAMP_4789	core
CAMP_479	core
CAMP_4790	core
CAMP_4791	core
CAMP_4792	core
CAMP_4793	core
CAMP_4794	core
CAMP_4795	core
CAMP_4796	core
CAMP_4797	core
CAMP_4798	core
CAMP_4799	core
CAMP_48	core
CAMP_480	core
CAMP_4800	core
CAMP_4801	core
CAMP_4802	core
CAMP_4803	core
CAMP_4804	core
CAMP_4805	core
CAMP_4806	core
CAMP_4807	core
CAMP_4808	core
CAMP_4809	core
CAMP_481	core
CAMP_4810	core
CAMP_4811	core
CAMP_4812	core
CAMP_4813	core
CAMP_4814	core
CAMP_4815	core
CAMP_4816	core
CAMP_4817	core
CAMP_4818	core
CAMP_4819	core
CAMP_482	core
CAMP_4820	core
CAMP_4821	core
CAMP_4822	core
CAMP_4823	core
CAMP_4824	core
CAMP_4825	core
CAMP_4826	core
CAMP_4827	core
CAMP_4828	core
CAMP_4829	core
CAMP_483	core
CAMP_4830	core
CAMP_4831	core
CAMP_4832	core
CAMP_4833	core
CAMP_4834	core
CAMP_4835	core
CAMP_4836	core
CAMP_4837	core
CAMP_4838	core
CAMP_4839	core
CAMP_484	core
CAMP_4840	core
CAMP_4841	core
CAMP_4842	core
CAMP_4843	core
CAMP_4844	core
CAMP_4845	core
CAMP_4846	core
CAMP_4847	core
CAMP_4848	core
CAMP_4849	core
CAMP_485	core
CAMP_4850	core
CAMP_4851	core
CAMP_4852	core
CAMP_4853	core
CAMP_4854	core
CAMP_4855	core
CAMP_4856	core
CAMP_4857	core
CAMP_4858	core
CAMP_4859	core
CAMP_486	core
CAMP_4860	core
CAMP_4861	core
CAMP_4862	core
CAMP_4863	core
CAMP_4864	core
CAMP_4865	core
CAMP_4866	core
CAMP_4867	core
CAMP_4868	core
CAMP_4869	core
CAMP_487	core
CAMP_4870	core
CAMP_4871	core
CAMP_4872	core
CAMP_4873	core
CAMP_4874	core
CAMP_4875	core
CAMP_4876	core
CAMP_4877	core
CAMP_4878	core
CAMP_4879	core
CAMP_488	core
CAMP_4880	core
CAMP_4881	core
CAMP_4882	core
CAMP_4883	core
CAMP_4884	core
CAMP_4885	core
CAMP_4886	core
CAMP_4887	core
CAMP_4888	core
CAMP_4889	core
CAMP_489	core
CAMP_4890	core
CAMP_4891	core
CAMP_4892	core
CAMP_4893	core
CAMP_4894	core
CAMP_4895	core
CAMP_4896	core
CAMP_4897	core
CAMP_4898	core
CAMP_4899	core
CAMP_49	core
CAMP_490	core
CAMP_4900	core
CAMP_4901	core
CAMP_4902	core
CAMP_4903	core
CAMP_4904	core
CAMP_4905	core
CAMP_4906	core
CAMP_4907	core
CAMP_4908	core
CAMP_4909	core
CAMP_491	core
CAMP_4910	core
CAMP_4911	core
CAMP_4912	core
CAMP_4913	core
CAMP_4914	core
CAMP_4915	core
CAMP_4916	core
CAMP_4917	core
CAMP_4918	core
CAMP_4919	core
CAMP_492	core
CAMP_4920	core
CAMP_4921	core
CAMP_4922	core
CAMP_4923	core
CAMP_4924	core
CAMP_4925	core
CAMP_4926	core
CAMP_4927	core
CAMP_4928	core
CAMP_4929	core
CAMP_493	core
CAMP_4930	core
CAMP_4931	core
CAMP_4932	core
CAMP_4933	core
CAMP_4934	core
CAMP_4935	core
CAMP_4936	core
CAMP_4937	core
CAMP_4938	core
CAMP_4939	core
CAMP_494	core
CAMP_4940	core
CAMP_4941	core
CAMP_4942	core
CAMP_4943	core
CAMP_4944	core
CAMP_4945	core
CAMP_4946	core
CAMP_4947	core
CAMP_4948	core
CAMP_4949	core
CAMP_495	core
CAMP_4950	core
CAMP_4951	core
CAMP_4952	core
CAMP_4953	core
CAMP_4954	core
CAMP_4955	core
CAMP_4956	core
CAMP_4957	core
CAMP_4958	core
CAMP_4959	core
CAMP_496	core
CAMP_4960	core
CAMP_4961	core
CAMP_4962	core
CAMP_4963	core
CAMP_4964	core
CAMP_4965	core
CAMP_4966	core
CAMP_4967	core
CAMP_4968	core
CAMP_4969	core
CAMP_497	core
CAMP_4970	core
CAMP_4971	core
CAMP_4972	core
CAMP_4973	core
CAMP_4974	core
CAMP_4975	core
CAMP_4976	core
CAMP_4977	core
CAMP_4978	core
CAMP_4979	core
CAMP_498	core
CAMP_4980	core
CAMP_4981	core
CAMP_4982	core
CAMP_4983	core
CAMP_4984	core
CAMP_4985	core
CAMP_4986	core
CAMP_4987	core
CAMP_4988	core
CAMP_4989	core
CAMP_499	core
CAMP_4990	core
CAMP_4991	core
CAMP_4992	core
CAMP_4993	core
CAMP_4994	core
CAMP_4995	core
CAMP_4996	core
CAMP_4997	core
CAMP_4998	core
CAMP_4999	core
CAMP_5	core
CAMP_50	core
CAMP_500	core
CAMP_5000	core
CAMP_5001	core
CAMP_5002	core
CAMP_5003	core
CAMP_5004	core
CAMP_5005	core
CAMP_5006	core
CAMP_5007	core
CAMP_5008	core
CAMP_5009	core
CAMP_501	core
CAMP_5010	core
CAMP_5011	core
CAMP_5012	core
CAMP_5013	core
CAMP_5014	core
CAMP_5015	core
CAMP_5016	core
CAMP_5017	core
CAMP_5018	core
CAMP_5019	core
CAMP_502	core
CAMP_5020	core
CAMP_5021	core
CAMP_5022	core
CAMP_5023	core
CAMP_5024	core
CAMP_5025	core
CAMP_5026	core
CAMP_5027	core
CAMP_5028	core
CAMP_5029	core
CAMP_503	core
CAMP_5030	core
CAMP_5031	core
CAMP_5032	core
CAMP_5033	core
CAMP_5034	core
CAMP_5035	core
CAMP_5036	core
CAMP_5037	core
CAMP_5038	core
CAMP_5039	core
CAMP_504	core
CAMP_5040	core
CAMP_5041	core
CAMP_5042	core
CAMP_5043	core
CAMP_5044	core
CAMP_5045	core
CAMP_5046	core
CAMP_5047	core
CAMP_5048	core
CAMP_5049	core
CAMP_505	core
CAMP_5050	core
CAMP_5051	core
CAMP_5052	core
CAMP_5053	core
CAMP_5054	core
CAMP_5055	core
CAMP_5056	core
CAMP_5057	core
CAMP_5058	core
CAMP_5059	core
CAMP_506	core
CAMP_5060	core
CAMP_5061	core
CAMP_5062	core
CAMP_5063	core
CAMP_5064	core
CAMP_5065	core
CAMP_5066	core
CAMP_5067	core
CAMP_5068	core
CAMP_5069	core
CAMP_507	core
CAMP_5070	core
CAMP_5071	core
CAMP_5072	core
CAMP_5073	core
CAMP_5074	core
CAMP_5075	core
CAMP_5076	core
CAMP_5077	core
CAMP_5078	core
CAMP_5079	core
CAMP_508	core
CAMP_5080	core
CAMP_5081	core
CAMP_5082	core
CAMP_5083	core
CAMP_5084	core
CAMP_5085	core
CAMP_5086	core
CAMP_5087	core
CAMP_5088	core
CAMP_5089	core
CAMP_509	core
CAMP_5090	core
CAMP_5091	core
CAMP_5092	core
CAMP_5093	core
CAMP_5094	core
CAMP_5095	core
CAMP_5096	core
CAMP_5097	core
CAMP_5098	core
CAMP_5099	core
CAMP_51	core
CAMP_510	core
CAMP_5100	core
CAMP_5101	core
CAMP_5102	core
CAMP_5103	core
CAMP_5104	core
CAMP_5105	core
CAMP_5106	core
CAMP_5107	core
CAMP_5108	core
CAMP_5109	core
CAMP_511	core
CAMP_5110	core
CAMP_5111	core
CAMP_5112	core
CAMP_5113	core
CAMP_5114	core
CAMP_5115	core
CAMP_5116	core
CAMP_5117	core
CAMP_5118	core
CAMP_5119	core
CAMP_512	core
CAMP_5120	core
CAMP_5121	core
CAMP_5122	core
CAMP_5123	core
CAMP_5124	core
CAMP_5125	core
CAMP_5126	core
CAMP_5127	core
CAMP_5128	core
CAMP_5129	core
CAMP_513	core
CAMP_5130	core
CAMP_5131	core
CAMP_5132	core
CAMP_5133	core
CAMP_5134	core
CAMP_5135	core
CAMP_5136	core
CAMP_5137	core
CAMP_5138	core
CAMP_5139	core
CAMP_514	core
CAMP_5140	core
CAMP_5141	core
CAMP_5142	core
CAMP_5143	core
CAMP_5144	core
CAMP_5145	core
CAMP_5146	core
CAMP_5147	core
CAMP_5148	core
CAMP_5149	core
CAMP_515	core
CAMP_5150	core
CAMP_5151	core
CAMP_5152	core
CAMP_5153	core
CAMP_5154	core
CAMP_5155	core
CAMP_5156	core
CAMP_5157	core
CAMP_5158	core
CAMP_5159	core
CAMP_516	core
CAMP_5160	core
CAMP_5161	core
CAMP_5162	core
CAMP_5163	core
CAMP_5164	core
CAMP_5165	core
CAMP_5166	core
CAMP_5167	core
CAMP_5168	core
CAMP_5169	core
CAMP_517	core
CAMP_5170	core
CAMP_5171	core
CAMP_5172	core
CAMP_5173	core
CAMP_5174	core
CAMP_5175	core
CAMP_5176	core
CAMP_5177	core
CAMP_5178	core
CAMP_5179	core
CAMP_518	core
CAMP_5180	core
CAMP_5181	core
CAMP_5182	core
CAMP_5183	core
CAMP_5184	core
CAMP_5185	core
CAMP_5186	core
CAMP_5187	core
CAMP_5188	core
CAMP_5189	core
CAMP_519	core
CAMP_5190	core
CAMP_5191	core
CAMP_5192	core
CAMP_5193	core
CAMP_5194	core
CAMP_5195	core
CAMP_5196	core
CAMP_5197	core
CAMP_5198	core
CAMP_5199	core
CAMP_52	core
CAMP_520	core
CAMP_5200	core
CAMP_5201	core
CAMP_5202	core
CAMP_5203	core
CAMP_5204	core
CAMP_5205	core
CAMP_5206	core
CAMP_5207	core
CAMP_5208	core
CAMP_5209	core
CAMP_521	core
CAMP_5210	core
CAMP_5211	core
CAMP_5212	core
CAMP_5213	core
CAMP_5214	core
CAMP_5215	core
CAMP_5216	core
CAMP_5217	core
CAMP_5218	core
CAMP_5219	core
CAMP_522	core
CAMP_5220	core
CAMP_5221	core
CAMP_5222	core
CAMP_5223	core
CAMP_5224	core
CAMP_5225	core
CAMP_5226	core
CAMP_5227	core
CAMP_5228	core
CAMP_5229	core
CAMP_523	core
CAMP_5230	core
CAMP_5231	core
CAMP_5232	core
CAMP_5233	core
CAMP_5234	core
CAMP_5235	core
CAMP_5236	core
CAMP_5237	core
CAMP_5238	core
CAMP_5239	core
CAMP_524	core
CAMP_5240	core
CAMP_5241	core
CAMP_5242	core
CAMP_5243	core
CAMP_5244	core
CAMP_5245	core
CAMP_5246	core
CAMP_5247	core
CAMP_5248	core
CAMP_5249	core
CAMP_525	core
CAMP_5250	core
CAMP_5251	core
CAMP_5252	core
CAMP_5253	core
CAMP_5254	core
CAMP_5255	core
CAMP_5256	core
CAMP_5257	core
CAMP_5258	core
CAMP_5259	core
CAMP_526	core
CAMP_5260	core
CAMP_5261	core
CAMP_5262	core
CAMP_5263	core
CAMP_5264	core
CAMP_5265	core
CAMP_5266	core
CAMP_5267	core
CAMP_5268	core
CAMP_5269	core
CAMP_527	core
CAMP_5270	core
CAMP_5271	core
CAMP_5272	core
CAMP_5273	core
CAMP_5274	core
CAMP_5275	core
CAMP_5276	core
CAMP_5277	core
CAMP_5278	core
CAMP_5279	core
CAMP_528	core
CAMP_5280	core
CAMP_5281	core
CAMP_5282	core
CAMP_5283	core
CAMP_5284	core
CAMP_5285	core
CAMP_5286	core
CAMP_5287	core
CAMP_5288	core
CAMP_5289	core
CAMP_529	core
CAMP_5290	core
CAMP_5291	core
CAMP_5292	core
CAMP_5293	core
CAMP_5294	core
CAMP_5295	core
CAMP_5296	core
CAMP_5297	core
CAMP_5298	core
CAMP_5299	core
CAMP_53	core
CAMP_530	core
CAMP_5300	core
CAMP_5301	core
CAMP_5302	core
CAMP_5303	core
CAMP_5304	core
CAMP_5305	core
CAMP_5306	core
CAMP_5307	core
CAMP_5308	core
CAMP_5309	core
CAMP_531	core
CAMP_5310	core
CAMP_5311	core
CAMP_5312	core
CAMP_5313	core
CAMP_5314	core
CAMP_5315	core
CAMP_5316	core
CAMP_5317	core
CAMP_5318	core
CAMP_5319	core
CAMP_532	core
CAMP_5320	core
CAMP_5321	core
CAMP_5322	core
CAMP_5323	core
CAMP_5324	core
CAMP_5325	core
CAMP_5326	core
CAMP_5327	core
CAMP_5328	core
CAMP_5329	core
CAMP_533	core
CAMP_5330	core
CAMP_5331	core
CAMP_5332	core
CAMP_5333	core
CAMP_5334	core
CAMP_5335	core
CAMP_5336	core
CAMP_5337	core
CAMP_5338	core
CAMP_5339	core
CAMP_534	core
CAMP_5340	core
CAMP_5341	core
CAMP_5342	core
CAMP_5343	core
CAMP_5344	core
CAMP_5345	core
CAMP_5346	core
CAMP_5347	core
CAMP_5348	core
CAMP_5349	core
CAMP_535	core
CAMP_5350	core
CAMP_5351	core
CAMP_5352	core
CAMP_5353	core
CAMP_5354	core
CAMP_5355	core
CAMP_5356	core
CAMP_5357	core
CAMP_5358	core
CAMP_5359	core
CAMP_536	core
CAMP_5360	core
CAMP_5361	core
CAMP_5362	core
CAMP_5363	core
CAMP_5364	core
CAMP_5365	core
CAMP_5366	core
CAMP_5367	core
CAMP_5368	core
CAMP_5369	core
CAMP_537	core
CAMP_5370	core
CAMP_5371	core
CAMP_5372	core
CAMP_5373	core
CAMP_5374	core
CAMP_5375	core
CAMP_5376	core
CAMP_5377	core
CAMP_5378	core
CAMP_5379	core
CAMP_538	core
CAMP_5380	core
CAMP_5381	core
CAMP_5382	core
CAMP_5383	core
CAMP_5384	core
CAMP_5385	core
CAMP_5386	core
CAMP_5387	core
CAMP_5388	core
CAMP_5389	core
CAMP_539	core
CAMP_5390	core
CAMP_5391	core
CAMP_5392	core
CAMP_5393	core
CAMP_5394	core
CAMP_5395	core
CAMP_5396	core
CAMP_5397	core
CAMP_5398	core
CAMP_5399	core
CAMP_54	core
CAMP_540	core
CAMP_5400	core
CAMP_5401	core
CAMP_5402	core
CAMP_5403	core
CAMP_5404	core
CAMP_5405	core
CAMP_5406	core
CAMP_5407	core
CAMP_5408	core
CAMP_5409	core
CAMP_541	core
CAMP_5410	core
CAMP_5411	core
CAMP_5412	core
CAMP_5413	core
CAMP_5414	core
CAMP_5415	core
CAMP_5416	core
CAMP_5417	core
CAMP_5418	core
CAMP_5419	core
CAMP_542	core
CAMP_5420	core
CAMP_5421	core
CAMP_5422	core
CAMP_5423	core
CAMP_5424	core
CAMP_5425	core
CAMP_5426	core
CAMP_5427	core
CAMP_5428	core
CAMP_5429	core
CAMP_543	core
CAMP_5430	core
CAMP_5431	core
CAMP_5432	core
CAMP_5433	core
CAMP_5434	core
CAMP_5435	core
CAMP_5436	core
CAMP_5437	core
CAMP_5438	core
CAMP_5439	core
CAMP_544	core
CAMP_5440	core
CAMP_5441	core
CAMP_5442	core
CAMP_5443	core
CAMP_5444	core
CAMP_5445	core
CAMP_5446	core
CAMP_5447	core
CAMP_5448	core
CAMP_5449	core
CAMP_545	core
CAMP_5450	core
CAMP_5451	core
CAMP_5452	core
CAMP_5453	core
CAMP_5454	core
CAMP_5455	core
CAMP_5456	core
CAMP_5457	core
CAMP_5458	core
CAMP_5459	core
CAMP_546	core
CAMP_5460	core
CAMP_5461	core
CAMP_5462	core
CAMP_5463	core
CAMP_5464	core
CAMP_5465	core
CAMP_5466	core
CAMP_5467	core
CAMP_5468	core
CAMP_5469	core
CAMP_547	core
CAMP_5470	core
CAMP_5471	core
CAMP_5472	core
CAMP_5473	core
CAMP_5474	core
CAMP_5475	core
CAMP_5476	core
CAMP_5477	core
CAMP_5478	core
CAMP_5479	core
CAMP_548	core
CAMP_5480	core
CAMP_5481	core
CAMP_5482	core
CAMP_5483	core
CAMP_5484	core
CAMP_5485	core
CAMP_5486	core
CAMP_5487	core
CAMP_5488	core
CAMP_5489	core
CAMP_549	core
CAMP_5490	core
CAMP_5491	core
CAMP_5492	core
CAMP_5493	core
CAMP_5494	core
CAMP_5495	core
CAMP_5496	core
CAMP_5497	core
CAMP_5498	core
CAMP_5499	core
CAMP_55	core
CAMP_550	core
CAMP_5500	core
CAMP_5501	core
CAMP_5502	core
CAMP_5503	core
CAMP_5504	core
CAMP_5505	core
CAMP_5506	core
CAMP_5507	core
CAMP_5508	core
CAMP_5509	core
CAMP_551	core
CAMP_5510	core
CAMP_5511	core
CAMP_5512	core
CAMP_5513	core
CAMP_5514	core
CAMP_5515	core
CAMP_5516	core
CAMP_5517	core
CAMP_5518	core
CAMP_5519	core
CAMP_552	core
CAMP_5520	core
CAMP_5521	core
CAMP_5522	core
CAMP_5523	core
CAMP_5524	core
CAMP_5525	core
CAMP_5526	core
CAMP_5527	core
CAMP_5528	core
CAMP_5529	core
CAMP_553	core
CAMP_5530	core
CAMP_5531	core
CAMP_5532	core
CAMP_5533	core
CAMP_5534	core
CAMP_5535	core
CAMP_5536	core
CAMP_5537	core
CAMP_5538	core
CAMP_5539	core
CAMP_554	core
CAMP_5540	core
CAMP_5541	core
CAMP_5542	core
CAMP_5543	core
CAMP_5544	core
CAMP_5545	core
CAMP_5546	core
CAMP_5547	core
CAMP_5548	core
CAMP_5549	core
CAMP_555	core
CAMP_5550	core
CAMP_5551	core
CAMP_5552	core
CAMP_5553	core
CAMP_5554	core
CAMP_5555	core
CAMP_5556	core
CAMP_5557	core
CAMP_5558	core
CAMP_5559	core
CAMP_556	core
CAMP_5560	core
CAMP_5561	core
CAMP_5562	core
CAMP_5563	core
CAMP_5564	core
CAMP_5565	core
CAMP_5566	core
CAMP_5567	core
CAMP_5568	core
CAMP_5569	core
CAMP_557	core
CAMP_5570	core
CAMP_5571	core
CAMP_5572	core
CAMP_5573	core
CAMP_5574	core
CAMP_5575	core
CAMP_5576	core
CAMP_5577	core
CAMP_5578	core
CAMP_5579	core
CAMP_558	core
CAMP_5580	core
CAMP_5581	core
CAMP_5582	core
CAMP_5583	core
CAMP_5584	core
CAMP_5585	core
CAMP_5586	core
CAMP_5587	core
CAMP_5588	core
CAMP_5589	core
CAMP_559	core
CAMP_5590	core
CAMP_5591	core
CAMP_5592	core
CAMP_5593	core
CAMP_5594	core
CAMP_5595	core
CAMP_5596	core
CAMP_5597	core
CAMP_5598	core
CAMP_5599	core
CAMP_56	core
CAMP_560	core
CAMP_5600	core
CAMP_5601	core
CAMP_5602	core
CAMP_5603	core
CAMP_5604	core
CAMP_5605	core
CAMP_5606	core
CAMP_5607	core
CAMP_5608	core
CAMP_5609	core
CAMP_561	core
CAMP_5610	core
CAMP_5611	core
CAMP_5612	core
CAMP_5613	core
CAMP_5614	core
CAMP_5615	core
CAMP_5616	core
CAMP_5617	core
CAMP_5618	core
CAMP_5619	core
CAMP_562	core
CAMP_5620	core
CAMP_5621	core
CAMP_5622	core
CAMP_5623	core
CAMP_5624	core
CAMP_5625	core
CAMP_5626	core
CAMP_5627	core
CAMP_5628	core
CAMP_5629	core
CAMP_563	core
CAMP_5630	core
CAMP_5631	core
CAMP_5632	core
CAMP_5633	core
CAMP_5634	core
CAMP_5635	core
CAMP_5636	core
CAMP_5637	core
CAMP_5638	core
CAMP_5639	core
CAMP_564	core
CAMP_5640	core
CAMP_5641	core
CAMP_5642	core
CAMP_5643	core
CAMP_5644	core
CAMP_5645	core
CAMP_5646	core
CAMP_5647	core
CAMP_5648	core
CAMP_5649	core
CAMP_565	core
CAMP_5650	core
CAMP_5651	core
CAMP_5652	core
CAMP_5653	core
CAMP_5654	core
CAMP_5655	core
CAMP_5656	core
CAMP_5657	core
CAMP_5658	core
CAMP_5659	core
CAMP_566	core
CAMP_5660	core
CAMP_5661	core
CAMP_5662	core
CAMP_5663	core
CAMP_5664	core
CAMP_5665	core
CAMP_5666	core
CAMP_5667	core
CAMP_5668	core
CAMP_5669	core
CAMP_567	core
CAMP_5670	core
CAMP_5671	core
CAMP_5672	core
CAMP_5673	core
CAMP_5674	core
CAMP_5675	core
CAMP_5676	core
CAMP_5677	core
CAMP_5678	core
CAMP_5679	core
CAMP_568	core
CAMP_5680	core
CAMP_5681	core
CAMP_5682	core
CAMP_5683	core
CAMP_5684	core
CAMP_5685	core
CAMP_5686	core
CAMP_5687	core
CAMP_5688	core
CAMP_5689	core
CAMP_569	core
CAMP_5690	core
CAMP_5691	core
CAMP_5692	core
CAMP_5693	core
CAMP_5694	core
CAMP_5695	core
CAMP_5696	core
CAMP_5697	core
CAMP_5698	core
CAMP_5699	core
CAMP_57	core
CAMP_570	core
CAMP_5700	core
CAMP_5701	core
CAMP_5702	core
CAMP_5703	core
CAMP_5704	core
CAMP_5705	core
CAMP_5706	core
CAMP_5707	core
CAMP_5708	core
CAMP_5709	core
CAMP_571	core
CAMP_5710	core
CAMP_5711	core
CAMP_5712	core
CAMP_5713	core
CAMP_5714	core
CAMP_5715	core
CAMP_5716	core
CAMP_5717	core
CAMP_5718	core
CAMP_5719	core
CAMP_572	core
CAMP_5720	core
CAMP_5721	core
CAMP_5722	core
CAMP_5723	core
CAMP_5724	core
CAMP_5725	core
CAMP_5726	core
CAMP_5727	core
CAMP_5728	core
CAMP_5729	core
CAMP_573	core
CAMP_5730	core
CAMP_5731	core
CAMP_5732	core
CAMP_5733	core
CAMP_5734	core
CAMP_5735	core
CAMP_5736	core
CAMP_5737	core
CAMP_5738	core
CAMP_5739	core
CAMP_574	core
CAMP_5740	core
CAMP_5741	core
CAMP_5742	core
CAMP_5743	core
CAMP_5744	core
CAMP_5745	core
CAMP_5746	core
CAMP_5747	core
CAMP_5748	core
CAMP_5749	core
CAMP_575	core
CAMP_5750	core
CAMP_5751	core
CAMP_5752	core
CAMP_5753	core
CAMP_5754	core
CAMP_5755	core
CAMP_5756	core
CAMP_5757	core
CAMP_5758	core
CAMP_5759	core
CAMP_576	core
CAMP_5760	core
CAMP_5761	core
CAMP_5762	core
CAMP_5763	core
CAMP_5764	core
CAMP_5765	core
CAMP_5766	core
CAMP_5767	core
CAMP_5768	core
CAMP_5769	core
CAMP_577	core
CAMP_5770	core
CAMP_5771	core
CAMP_5772	core
CAMP_5773	core
CAMP_5774	core
CAMP_5775	core
CAMP_5776	core
CAMP_5777	core
CAMP_5778	core
CAMP_5779	core
CAMP_578	core
CAMP_5780	core
CAMP_5781	core
CAMP_5782	core
CAMP_5783	core
CAMP_5784	core
CAMP_5785	core
CAMP_5786	core
CAMP_5787	core
CAMP_5788	core
CAMP_5789	core
CAMP_579	core
CAMP_5790	core
CAMP_5791	core
CAMP_5792	core
CAMP_5793	core
CAMP_5794	core
CAMP_5795	core
CAMP_5796	core
CAMP_5797	core
CAMP_5798	core
CAMP_5799	core
CAMP_58	core
CAMP_580	core
CAMP_5800	core
CAMP_5801	core
CAMP_5802	core
CAMP_5803	core
CAMP_5804	core
CAMP_5805	core
CAMP_5806	core
CAMP_5807	core
CAMP_5808	core
CAMP_5809	core
CAMP_581	core
CAMP_5810	core
CAMP_5811	core
CAMP_5812	core
CAMP_5813	core
CAMP_5814	core
CAMP_5815	core
CAMP_5816	core
CAMP_5817	core
CAMP_5818	core
CAMP_5819	core
CAMP_582	core
CAMP_5820	core
CAMP_5821	core
CAMP_5822	core
CAMP_5823	core
CAMP_5824	core
CAMP_5825	core
CAMP_5826	core
CAMP_5827	core
CAMP_5828	core
CAMP_5829	core
CAMP_583	core
CAMP_5830	core
CAMP_5831	core
CAMP_5832	core
CAMP_5833	core
CAMP_5834	core
CAMP_5835	core
CAMP_5836	core
CAMP_5837	core
CAMP_5838	core
CAMP_5839	core
CAMP_584	core
CAMP_5840	core
CAMP_5841	core
CAMP_5842	core
CAMP_5843	core
CAMP_5844	core
CAMP_5845	core
CAMP_5846	core
CAMP_5847	core
CAMP_5848	core
CAMP_5849	core
CAMP_585	core
CAMP_5850	core
CAMP_5851	core
CAMP_5852	core
CAMP_5853	core
CAMP_5854	core
CAMP_5855	core
CAMP_5856	core
CAMP_5857	core
CAMP_5858	core
CAMP_5859	core
CAMP_586	core
CAMP_5860	core
CAMP_5861	core
CAMP_5862	core
CAMP_5863	core
CAMP_5864	core
CAMP_5865	core
CAMP_5866	core
CAMP_5867	core
CAMP_5868	core
CAMP_5869	core
CAMP_587	core
CAMP_5870	core
CAMP_5871	core
CAMP_5872	core
CAMP_5873	core
CAMP_5874	core
CAMP_5875	core
CAMP_5876	core
CAMP_5877	core
CAMP_5878	core
CAMP_5879	core
CAMP_588	core
CAMP_5880	core
CAMP_5881	core
CAMP_5882	core
CAMP_5883	core
CAMP_5884	core
CAMP_5885	core
CAMP_5886	core
CAMP_5887	core
CAMP_5888	core
CAMP_5889	core
CAMP_589	core
CAMP_5890	core
CAMP_5891	core
CAMP_5892	core
CAMP_5893	core
CAMP_5894	core
CAMP_5895	core
CAMP_5896	core
CAMP_5897	core
CAMP_5898	core
CAMP_5899	core
CAMP_59	core
CAMP_590	core
CAMP_5900	core
CAMP_5901	core
CAMP_5902	core
CAMP_5903	core
CAMP_5904	core
CAMP_5905	core
CAMP_5906	core
CAMP_5907	core
CAMP_5908	core
CAMP_5909	core
CAMP_591	core
CAMP_5910	core
CAMP_5911	core
CAMP_5912	core
CAMP_5913	core
CAMP_5914	core
CAMP_5915	core
CAMP_5916	core
CAMP_5917	core
CAMP_5918	core
CAMP_5919	core
CAMP_592	core
CAMP_5920	core
CAMP_5921	core
CAMP_5922	core
CAMP_5923	core
CAMP_5924	core
CAMP_5925	core
CAMP_5926	core
CAMP_5927	core
CAMP_5928	core
CAMP_5929	core
CAMP_593	core
CAMP_5930	core
CAMP_5931	core
CAMP_5932	core
CAMP_5933	core
CAMP_5934	core
CAMP_5935	core
CAMP_5936	core
CAMP_5937	core
CAMP_5938	core
CAMP_5939	core
CAMP_594	core
CAMP_5940	core
CAMP_5941	core
CAMP_5942	core
CAMP_5943	core
CAMP_5944	core
CAMP_5945	core
CAMP_5946	core
CAMP_5947	core
CAMP_5948	core
CAMP_5949	core
CAMP_595	core
CAMP_5950	core
CAMP_5951	core
CAMP_5952	core
CAMP_5953	core
CAMP_5954	core
CAMP_5955	core
CAMP_5956	core
CAMP_5957	core
CAMP_5958	core
CAMP_5959	core
CAMP_596	core
CAMP_5960	core
CAMP_5961	core
CAMP_5962	core
CAMP_5963	core
CAMP_5964	core
CAMP_5965	core
CAMP_5966	core
CAMP_5967	core
CAMP_5968	core
CAMP_5969	core
CAMP_597	core
CAMP_5970	core
CAMP_5971	core
CAMP_5972	core
CAMP_5973	core
CAMP_5974	core
CAMP_5975	core
CAMP_5976	core
CAMP_5977	core
CAMP_5978	core
CAMP_5979	core
CAMP_598	core
CAMP_5980	core
CAMP_5981	core
CAMP_5982	core
CAMP_5983	core
CAMP_5984	core
CAMP_5985	core
CAMP_5986	core
CAMP_5987	core
CAMP_5988	core
CAMP_5989	core
CAMP_599	core
CAMP_5990	core
CAMP_5991	core
CAMP_5992	core
CAMP_5993	core
CAMP_5994	core
CAMP_5995	core
CAMP_5996	core
CAMP_5997	core
CAMP_5998	core
CAMP_5999	core
CAMP_6	core
CAMP_60	core
CAMP_600	core
CAMP_6000	core
CAMP_6001	core
CAMP_6002	core
CAMP_6003	core
CAMP_6004	core
CAMP_6005	core
CAMP_6006	core
CAMP_6007	core
CAMP_6008	core
CAMP_6009	core
CAMP_601	core
CAMP_6010	core
CAMP_6011	core
CAMP_6012	core
CAMP_6013	core
CAMP_6014	core
CAMP_6015	core
CAMP_6016	core
CAMP_6017	core
CAMP_6018	core
CAMP_6019	core
CAMP_602	core
CAMP_6020	core
CAMP_6021	core
CAMP_6022	core
CAMP_6023	core
CAMP_6024	core
CAMP_6025	core
CAMP_6026	core
CAMP_6027	core
CAMP_6028	core
CAMP_6029	core
CAMP_603	core
CAMP_6030	core
CAMP_6031	core
CAMP_6032	core
CAMP_6033	core
CAMP_6034	core
CAMP_6035	core
CAMP_6036	core
CAMP_6037	core
CAMP_6038	core
CAMP_6039	core
CAMP_604	core
CAMP_6040	core
CAMP_6041	core
CAMP_6042	core
CAMP_6043	core
CAMP_6044	core
CAMP_6045	core
CAMP_6046	core
CAMP_6047	core
CAMP_6048	core
CAMP_6049	core
CAMP_605	core
CAMP_6050	core
CAMP_6051	core
CAMP_6052	core
CAMP_6053	core
CAMP_6054	core
CAMP_6055	core
CAMP_6056	core
CAMP_6057	core
CAMP_6058	core
CAMP_6059	core
CAMP_606	core
CAMP_6060	core
CAMP_6061	core
CAMP_6062	core
CAMP_6063	core
CAMP_6064	core
CAMP_6065	core
CAMP_6066	core
CAMP_6067	core
CAMP_6068	core
CAMP_6069	core
CAMP_607	core
CAMP_6070	core
CAMP_6071	core
CAMP_6072	core
CAMP_6073	core
CAMP_6074	core
CAMP_6075	core
CAMP_6076	core
CAMP_6077	core
CAMP_6078	core
CAMP_6079	core
CAMP_608	core
CAMP_6080	core
CAMP_6081	core
CAMP_6082	core
CAMP_6083	core
CAMP_6084	core
CAMP_6085	core
CAMP_6086	core
CAMP_6087	core
CAMP_6088	core
CAMP_6089	core
CAMP_609	core
CAMP_6090	core
CAMP_6091	core
CAMP_6092	core
CAMP_6093	core
CAMP_6094	core
CAMP_6095	core
CAMP_6096	core
CAMP_6097	core
CAMP_6098	core
CAMP_6099	core
CAMP_61	core
CAMP_610	core
CAMP_6100	core
CAMP_6101	core
CAMP_6102	core
CAMP_6103	core
CAMP_6104	core
CAMP_6105	core
CAMP_6106	core
CAMP_6107	core
CAMP_6108	core
CAMP_6109	core
CAMP_611	core
CAMP_6110	core
CAMP_6111	core
CAMP_6112	core
CAMP_6113	core
CAMP_6114	core
CAMP_6115	core
CAMP_6116	core
CAMP_6117	core
CAMP_6118	core
CAMP_6119	core
CAMP_612	core
CAMP_6120	core
CAMP_6121	core
CAMP_6122	core
CAMP_6123	core
CAMP_6124	core
CAMP_6125	core
CAMP_6126	core
CAMP_6127	core
CAMP_6128	core
CAMP_6129	core
CAMP_613	core
CAMP_6130	core
CAMP_6131	core
CAMP_6132	core
CAMP_6133	core
CAMP_6134	core
CAMP_6135	core
CAMP_6136	core
CAMP_6137	core
CAMP_6138	core
CAMP_6139	core
CAMP_614	core
CAMP_6140	core
CAMP_6141	core
CAMP_6142	core
CAMP_6143	core
CAMP_6144	core
CAMP_6145	core
CAMP_6146	core
CAMP_6147	core
CAMP_6148	core
CAMP_6149	core
CAMP_615	core
CAMP_6150	core
CAMP_6151	core
CAMP_6152	core
CAMP_6153	core
CAMP_6154	core
CAMP_6155	core
CAMP_6156	core
CAMP_6157	core
CAMP_6158	core
CAMP_6159	core
CAMP_616	core
CAMP_6160	core
CAMP_6161	core
CAMP_6162	core
CAMP_6163	core
CAMP_6164	core
CAMP_6165	core
CAMP_6166	core
CAMP_6167	core
CAMP_6168	core
CAMP_6169	core
CAMP_617	core
CAMP_6170	core
CAMP_6171	core
CAMP_6172	core
CAMP_6173	core
CAMP_6174	core
CAMP_6175	core
CAMP_6176	core
CAMP_6177	core
CAMP_6178	core
CAMP_6179	core
CAMP_618	core
CAMP_6180	core
CAMP_6181	core
CAMP_6182	core
CAMP_6183	core
CAMP_6184	core
CAMP_6185	core
CAMP_6186	core
CAMP_6187	core
CAMP_6188	core
CAMP_6189	core
CAMP_619	core
CAMP_6190	core
CAMP_6191	core
CAMP_6192	core
CAMP_6193	core
CAMP_6194	core
CAMP_6195	core
CAMP_6196	core
CAMP_6197	core
CAMP_6198	core
CAMP_6199	core
CAMP_62	core
CAMP_620	core
CAMP_6200	core
CAMP_6201	core
CAMP_6202	core
CAMP_6203	core
CAMP_6204	core
CAMP_6205	core
CAMP_6206	core
CAMP_6207	core
CAMP_6208	core
CAMP_6209	core
CAMP_621	core
CAMP_6210	core
CAMP_6211	core
CAMP_6212	core
CAMP_6213	core
CAMP_6214	core
CAMP_6215	core
CAMP_6216	core
CAMP_6217	core
CAMP_6218	core
CAMP_6219	core
CAMP_622	core
CAMP_6220	core
CAMP_6221	core
CAMP_6222	core
CAMP_6223	core
CAMP_6224	core
CAMP_6225	core
CAMP_6226	core
CAMP_6227	core
CAMP_6228	core
CAMP_6229	core
CAMP_623	core
CAMP_6230	core
CAMP_6231	core
CAMP_6232	core
CAMP_6233	core
CAMP_6234	core
CAMP_6235	core
CAMP_6236	core
CAMP_6237	core
CAMP_6238	core
CAMP_6239	core
CAMP_624	core
CAMP_6240	core
CAMP_6241	core
CAMP_6242	core
CAMP_6243	core
CAMP_6244	core
CAMP_6245	core
CAMP_6246	core
CAMP_6247	core
CAMP_6248	core
CAMP_6249	core
CAMP_625	core
CAMP_6250	core
CAMP_6251	core
CAMP_6252	core
CAMP_6253	core
CAMP_6254	core
CAMP_6255	core
CAMP_6256	core
CAMP_6257	core
CAMP_6258	core
CAMP_6259	core
CAMP_626	core
CAMP_6260	core
CAMP_6261	core
CAMP_6262	core
CAMP_6263	core
CAMP_6264	core
CAMP_6265	core
CAMP_6266	core
CAMP_6267	core
CAMP_6268	core
CAMP_6269	core
CAMP_627	core
CAMP_6270	core
CAMP_6271	core
CAMP_6272	core
CAMP_6273	core
CAMP_6274	core
CAMP_6275	core
CAMP_6276	core
CAMP_6277	core
CAMP_6278	core
CAMP_6279	core
CAMP_628	core
CAMP_6280	core
CAMP_6281	core
CAMP_6282	core
CAMP_6283	core
CAMP_6284	core
CAMP_6285	core
CAMP_6286	core
CAMP_6287	core
CAMP_6288	core
CAMP_6289	core
CAMP_629	core
CAMP_6290	core
CAMP_6291	core
CAMP_6292	core
CAMP_6293	core
CAMP_6294	core
CAMP_6295	core
CAMP_6296	core
CAMP_6297	core
CAMP_6298	core
CAMP_6299	core
CAMP_63	core
CAMP_630	core
CAMP_6300	core
CAMP_6301	core
CAMP_6302	core
CAMP_6303	core
CAMP_6304	core
CAMP_6305	core
CAMP_6306	core
CAMP_6307	core
CAMP_6308	core
CAMP_6309	core
CAMP_631	core
CAMP_6310	core
CAMP_6311	core
CAMP_6312	core
CAMP_6313	core
CAMP_6314	core
CAMP_6315	core
CAMP_6316	core
CAMP_6317	core
CAMP_6318	core
CAMP_6319	core
CAMP_632	core
CAMP_6320	core
CAMP_6321	core
CAMP_6322	core
CAMP_6323	core
CAMP_6324	core
CAMP_6325	core
CAMP_6326	core
CAMP_6327	core
CAMP_6328	core
CAMP_6329	core
CAMP_633	core
CAMP_6330	core
CAMP_6331	core
CAMP_6332	core
CAMP_6333	core
CAMP_6334	core
CAMP_6335	core
CAMP_6336	core
CAMP_6337	core
CAMP_6338	core
CAMP_6339	core
CAMP_634	core
CAMP_6340	core
CAMP_6341	core
CAMP_6342	core
CAMP_6343	core
CAMP_6344	core
CAMP_6345	core
CAMP_6346	core
CAMP_6347	core
CAMP_6348	core
CAMP_6349	core
CAMP_635	core
CAMP_6350	core
CAMP_6351	core
CAMP_6352	core
CAMP_6353	core
CAMP_6354	core
CAMP_6355	core
CAMP_6356	core
CAMP_6357	core
CAMP_6358	core
CAMP_6359	core
CAMP_636	core
CAMP_6360	core
CAMP_6361	core
CAMP_6362	core
CAMP_6363	core
CAMP_6364	core
CAMP_6365	core
CAMP_6366	core
CAMP_6367	core
CAMP_6368	core
CAMP_6369	core
CAMP_637	core
CAMP_6370	core
CAMP_6371	core
CAMP_6372	core
CAMP_6373	core
CAMP_6374	core
CAMP_6375	core
CAMP_6376	core
CAMP_6377	core
CAMP_6378	core
CAMP_6379	core
CAMP_638	core
CAMP_6380	core
CAMP_6381	core
CAMP_6382	core
CAMP_6383	core
CAMP_6384	core
CAMP_6385	core
CAMP_6386	core
CAMP_6387	core
CAMP_6388	core
CAMP_6389	core
CAMP_639	core
CAMP_6390	core
CAMP_6391	core
CAMP_6392	core
CAMP_6393	core
CAMP_6394	core
CAMP_6395	core
CAMP_6396	core
CAMP_6397	core
CAMP_6398	core
CAMP_6399	core
CAMP_64	core
CAMP_640	core
CAMP_6400	core
CAMP_6401	core
CAMP_6402	core
CAMP_6403	core
CAMP_6404	core
CAMP_6405	core
CAMP_6406	core
CAMP_6407	core
CAMP_6408	core
CAMP_6409	core
CAMP_641	core
CAMP_6410	core
CAMP_6411	core
CAMP_6412	core
CAMP_6413	core
CAMP_6414	core
CAMP_6415	core
CAMP_6416	core
CAMP_6417	core
CAMP_6418	core
CAMP_6419	core
CAMP_642	core
CAMP_6420	core
CAMP_6421	core
CAMP_6422	core
CAMP_6423	core
CAMP_6424	core
CAMP_6425	core
CAMP_6426	core
CAMP_6427	core
CAMP_6428	core
CAMP_6429	core
CAMP_643	core
CAMP_6430	core
CAMP_6431	core
CAMP_6432	core
CAMP_6433	core
CAMP_6434	core
CAMP_6435	core
CAMP_6436	core
CAMP_6437	core
CAMP_6438	core
CAMP_6439	core
CAMP_644	core
CAMP_6440	core
CAMP_6441	core
CAMP_6442	core
CAMP_6443	core
CAMP_6444	core
CAMP_6445	core
CAMP_6446	core
CAMP_6447	core
CAMP_6448	core
CAMP_6449	core
CAMP_645	core
CAMP_6450	core
CAMP_6451	core
CAMP_6452	core
CAMP_6453	core
CAMP_6454	core
CAMP_6455	core
CAMP_6456	core
CAMP_6457	core
CAMP_6458	core
CAMP_6459	core
CAMP_646	core
CAMP_6460	core
CAMP_6461	core
CAMP_6462	core
CAMP_6463	core
CAMP_6464	core
CAMP_6465	core
CAMP_6466	core
CAMP_6467	core
CAMP_6468	core
CAMP_6469	core
CAMP_647	core
CAMP_6470	core
CAMP_6471	core
CAMP_6472	core
CAMP_6473	core
CAMP_6474	core
CAMP_6475	core
CAMP_6476	core
CAMP_6477	core
CAMP_6478	core
CAMP_6479	core
CAMP_648	core
CAMP_6480	core
CAMP_6481	core
CAMP_6482	core
CAMP_6483	core
CAMP_6484	core
CAMP_6485	core
CAMP_6486	core
CAMP_6487	core
CAMP_6488	core
CAMP_6489	core
CAMP_649	core
CAMP_6490	core
CAMP_6491	core
CAMP_6492	core
CAMP_6493	core
CAMP_6494	core
CAMP_6495	core
CAMP_6496	core
CAMP_6497	core
CAMP_6498	core
CAMP_6499	core
CAMP_65	core
CAMP_650	core
CAMP_6500	core
CAMP_6501	core
CAMP_6502	core
CAMP_6503	core
CAMP_6504	core
CAMP_6505	core
CAMP_6506	core
CAMP_6507	core
CAMP_6508	core
CAMP_6509	core
CAMP_651	core
CAMP_6510	core
CAMP_6511	core
CAMP_6512	core
CAMP_6513	core
CAMP_6514	core
CAMP_6515	core
CAMP_6516	core
CAMP_6517	core
CAMP_6518	core
CAMP_6519	core
CAMP_652	core
CAMP_6520	core
CAMP_6521	core
CAMP_6522	core
CAMP_6523	core
CAMP_6524	core
CAMP_6525	core
CAMP_6526	core
CAMP_6527	core
CAMP_6528	core
CAMP_6529	core
CAMP_653	core
CAMP_6530	core
CAMP_6531	core
CAMP_6532	core
CAMP_6533	core
CAMP_6534	core
CAMP_6535	core
CAMP_6536	core
CAMP_6537	core
CAMP_6538	core
CAMP_6539	core
CAMP_654	core
CAMP_6540	core
CAMP_6541	core
CAMP_6542	core
CAMP_6543	core
CAMP_6544	core
CAMP_6545	core
CAMP_6546	core
CAMP_6547	core
CAMP_6548	core
CAMP_6549	core
CAMP_655	core
CAMP_6550	core
CAMP_6551	core
CAMP_6552	core
CAMP_6553	core
CAMP_6554	core
CAMP_6555	core
CAMP_6556	core
CAMP_6557	core
CAMP_6558	core
CAMP_6559	core
CAMP_656	core
CAMP_6560	core
CAMP_6561	core
CAMP_6562	core
CAMP_6563	core
CAMP_6564	core
CAMP_6565	core
CAMP_6566	core
CAMP_6567	core
CAMP_6568	core
CAMP_6569	core
CAMP_657	core
CAMP_6570	core
CAMP_6571	core
CAMP_6572	core
CAMP_6573	core
CAMP_6574	core
CAMP_6575	core
CAMP_6576	core
CAMP_6577	core
CAMP_6578	core
CAMP_6579	core
CAMP_658	core
CAMP_6580	core
CAMP_6581	core
CAMP_6582	core
CAMP_6583	core
CAMP_6584	core
CAMP_6585	core
CAMP_6586	core
CAMP_6587	core
CAMP_6588	core
CAMP_6589	core
CAMP_659	core
CAMP_6590	core
CAMP_6591	core
CAMP_6592	core
CAMP_6593	core
CAMP_6594	core
CAMP_6595	core
CAMP_6596	core
CAMP_6597	core
CAMP_6598	core
CAMP_6599	core
CAMP_66	core
CAMP_660	core
CAMP_6600	core
CAMP_6601	core
CAMP_6602	core
CAMP_6603	core
CAMP_6604	core
CAMP_6605	core
CAMP_6606	core
CAMP_6607	core
CAMP_6608	core
CAMP_6609	core
CAMP_661	core
CAMP_6610	core
CAMP_6611	core
CAMP_6612	core
CAMP_6613	core
CAMP_6614	core
CAMP_6615	core
CAMP_6616	core
CAMP_6617	core
CAMP_6618	core
CAMP_6619	core
CAMP_662	core
CAMP_6620	core
CAMP_6621	core
CAMP_6622	core
CAMP_6623	core
CAMP_6624	core
CAMP_6625	core
CAMP_6626	core
CAMP_6627	core
CAMP_6628	core
CAMP_6629	core
CAMP_663	core
CAMP_6630	core
CAMP_6631	core
CAMP_6632	core
CAMP_6633	core
CAMP_6634	core
CAMP_6635	core
CAMP_6636	core
CAMP_6637	core
CAMP_6638	core
CAMP_6639	core
CAMP_664	core
CAMP_6640	core
CAMP_6641	core
CAMP_6642	core
CAMP_6643	core
CAMP_6644	core
CAMP_6645	core
CAMP_6646	core
CAMP_6647	core
CAMP_6648	core
CAMP_6649	core
CAMP_665	core
CAMP_6650	accessory
CAMP_6651	accessory
CAMP_666	core
CAMP_667	core
CAMP_668	core
CAMP_669	core
CAMP_67	core
CAMP_670	core
CAMP_671	core
CAMP_672	core
CAMP_673	core
CAMP_674	core
CAMP_675	core
CAMP_676	core
CAMP_677	core
CAMP_678	core
CAMP_679	core
CAMP_68	core
CAMP_680	core
CAMP_681	core
CAMP_682	core
CAMP_683	core
CAMP_684	core
CAMP_685	core
CAMP_686	core
CAMP_687	core
CAMP_688	core
CAMP_689	core
CAMP_69	core
CAMP_690	core
CAMP_691	core
CAMP_692	core
CAMP_693	core
CAMP_694	core
CAMP_695	core
CAMP_696	core
CAMP_697	core
CAMP_698	core
CAMP_699	core
CAMP_7	core
CAMP_70	core
CAMP_700	core
CAMP_701	core
CAMP_702	core
CAMP_703	core
CAMP_704	core
CAMP_705	core
CAMP_706	core
CAMP_707	core
CAMP_708	core
CAMP_709	core
CAMP_71	core
CAMP_710	core
CAMP_711	core
CAMP_712	core
CAMP_713	core
CAMP_714	core
CAMP_715	core
CAMP_716	core
CAMP_717	core
CAMP_718	core
CAMP_719	core
CAMP_72	core
CAMP_720	core
CAMP_721	core
CAMP_722	core
CAMP_723	core
CAMP_724	core
CAMP_725	core
CAMP_726	core
CAMP_727	core
CAMP_728	core
CAMP_729	core
CAMP_73	core
CAMP_730	core
CAMP_731	core
CAMP_732	core
CAMP_733	core
CAMP_734	core
CAMP_735	core
CAMP_736	core
CAMP_737	core
CAMP_738	core
CAMP_739	core
CAMP_74	core
CAMP_740	core
CAMP_741	core
CAMP_742	core
CAMP_743	core
CAMP_744	core
CAMP_745	core
CAMP_746	core
CAMP_747	core
CAMP_748	core
CAMP_749	core
CAMP_75	core
CAMP_750	core
CAMP_751	core
CAMP_752	core
CAMP_753	core
CAMP_754	core
CAMP_755	core
CAMP_756	core
CAMP_757	core
CAMP_758	core
CAMP_759	core
CAMP_76	core
CAMP_760	core
CAMP_761	core
CAMP_762	core
CAMP_763	core
CAMP_764	core
CAMP_765	core
CAMP_766	core
CAMP_767	core
CAMP_768	core
CAMP_769	core
CAMP_77	core
CAMP_770	core
CAMP_771	core
CAMP_772	core
CAMP_773	core
CAMP_774	core
CAMP_775	core
CAMP_776	core
CAMP_777	core
CAMP_778	core
CAMP_779	core
CAMP_78	core
CAMP_780	core
CAMP_781	core
CAMP_782	core
CAMP_783	core
CAMP_784	core
CAMP_785	core
CAMP_786	core
CAMP_787	core
CAMP_788	core
CAMP_789	core
CAMP_79	core
CAMP_790	core
CAMP_791	core
CAMP_792	core
CAMP_793	core
CAMP_794	core
CAMP_795	core
CAMP_796	core
CAMP_797	core
CAMP_798	core
CAMP_799	core
CAMP_8	core
CAMP_80	core
CAMP_800	core
CAMP_801	core
CAMP_802	core
CAMP_803	core
CAMP_804	core
CAMP_805	core
CAMP_806	core
CAMP_807	core
CAMP_808	core
CAMP_809	core
CAMP_81	core
CAMP_810	core
CAMP_811	core
CAMP_812	core
CAMP_813	core
CAMP_814	core
CAMP_815	core
CAMP_816	core
CAMP_817	core
CAMP_818	core
CAMP_819	core
CAMP_82	core
CAMP_820	core
CAMP_821	core
CAMP_822	core
CAMP_823	core
CAMP_824	core
CAMP_825	core
CAMP_826	core
CAMP_827	core
CAMP_828	core
CAMP_829	core
CAMP_83	core
CAMP_830	core
CAMP_831	core
CAMP_832	core
CAMP_833	core
CAMP_834	core
CAMP_835	core
CAMP_836	core
CAMP_837	core
CAMP_838	core
CAMP_839	core
CAMP_84	core
CAMP_840	core
CAMP_841	core
CAMP_842	core
CAMP_843	core
CAMP_844	core
CAMP_845	core
CAMP_846	core
CAMP_847	core
CAMP_848	core
CAMP_849	core
CAMP_85	core
CAMP_850	core
CAMP_851	core
CAMP_852	core
CAMP_853	core
CAMP_854	core
CAMP_855	core
CAMP_856	core
CAMP_857	core
CAMP_858	core
CAMP_859	core
CAMP_86	core
CAMP_860	core
CAMP_861	core
CAMP_862	core
CAMP_863	core
CAMP_864	core
CAMP_865	core
CAMP_866	core
CAMP_867	core
CAMP_868	core
CAMP_869	core
CAMP_87	core
CAMP_870	core
CAMP_871	core
CAMP_872	core
CAMP_873	core
CAMP_874	core
CAMP_875	core
CAMP_876	core
CAMP_877	core
CAMP_878	core
CAMP_879	core
CAMP_88	core
CAMP_880	core
CAMP_881	core
CAMP_882	core
CAMP_883	core
CAMP_884	core
CAMP_885	core
CAMP_886	core
CAMP_887	core
CAMP_888	core
CAMP_889	core
CAMP_89	core
CAMP_890	core
CAMP_891	core
CAMP_892	core
CAMP_893	core
CAMP_894	core
CAMP_895	core
CAMP_896	core
CAMP_897	core
CAMP_898	core
CAMP_899	core
CAMP_9	core
CAMP_90	core
CAMP_900	core
CAMP_901	core
CAMP_902	core
CAMP_903	core
CAMP_904	core
CAMP_905	core
CAMP_906	core
CAMP_907	core
CAMP_908	core
CAMP_909	core
CAMP_91	core
CAMP_910	core
CAMP_911	core
CAMP_912	core
CAMP_913	core
CAMP_914	core
CAMP_915	core
CAMP_916	core
CAMP_917	core
CAMP_918	core
CAMP_919	core
CAMP_92	core
CAMP_920	core
CAMP_921	core
CAMP_922	core
CAMP_923	core
CAMP_924	core
CAMP_925	core
CAMP_926	core
CAMP_927	core
CAMP_928	core
CAMP_929	core
CAMP_93	core
CAMP_930	core
CAMP_931	core
CAMP_932	core
CAMP_933	core
CAMP_934	core
CAMP_935	core
CAMP_936	core
CAMP_937	core
CAMP_938	core
CAMP_939	core
CAMP_94	core
CAMP_940	core
CAMP_941	core
CAMP_942	core
CAMP_943	core
CAMP_944	core
CAMP_945	core
CAMP_946	core
CAMP_947	core
CAMP_948	core
CAMP_949	core
CAMP_95	core
CAMP_950	core
CAMP_951	core
CAMP_952	core
CAMP_953	core
CAMP_954	core
CAMP_955	core
CAMP_956	core
CAMP_957	core
CAMP_958	core
CAMP_959	core
CAMP_96	core
CAMP_960	core
CAMP_961	core
CAMP_962	core
CAMP_963	core
CAMP_964	core
CAMP_965	core
CAMP_966	core
CAMP_967	core
CAMP_968	core
CAMP_969	core
CAMP_97	core
CAMP_970	core
CAMP_971	core
CAMP_972	core
CAMP_973	core
CAMP_974	core
CAMP_975	core
CAMP_976	core
CAMP_977	core
CAMP_978	core
CAMP_979	core
CAMP_98	core
CAMP_980	core
CAMP_981	core
CAMP_982	core
CAMP_983	core
CAMP_984	core
CAMP_985	core
CAMP_986	core
CAMP_987	core
CAMP_988	core
CAMP_989	core
CAMP_99	core
CAMP_990	core
CAMP_991	core
CAMP_992	core
CAMP_993	core
CAMP_994	core
CAMP_995	core
CAMP_996	core
CAMP_997	core
CAMP_998	core
CAMP_999	core
